--
-- Database: `asp_base`
--

-- --------------------------------------------------------

--
-- Table structure for table `tb_attandance`
--

CREATE TABLE `tb_attandance` (
  `a_Id` int(10) NOT NULL,
  `st_Id` varchar(25) NOT NULL,
  `Name` varchar(30) NOT NULL,
  `Surname` varchar(30) NOT NULL,
  `d_Name` varchar(30) NOT NULL,
  `s_Name` varchar(50) NOT NULL,
  `r_Name` varchar(30) NOT NULL,
  `cl_Name` varchar(30) NOT NULL,
  `sc_Period` varchar(30) NOT NULL,
  `sc_Year` varchar(30) NOT NULL,
  `time_In` time DEFAULT NULL,
  `time_Out` time DEFAULT NULL,
  `first_Absence` int(5) DEFAULT NULL,
  `second_Absence` int(5) DEFAULT NULL,
  `date` date DEFAULT NULL
) ENGINE=InnoDB DEFAULT CHARSET=utf8;

--
-- Dumping data for table `tb_attandance`
--

INSERT INTO `tb_attandance` (`a_Id`, `st_Id`, `Name`, `Surname`, `d_Name`, `s_Name`, `r_Name`, `cl_Name`, `sc_Period`, `sc_Year`, `time_In`, `time_Out`, `first_Absence`, `second_Absence`, `date`) VALUES
(133, 'FCS-AM-1329-19', 'ກອງມະນີ', 'ອຸດົມເພັດ', 'Monday', 'Mobile Application Programming', '307', 'HCS6A', 'ເຊົ້າ', '2021-2022', NULL, NULL, 1, 1, '2022-05-02'),
(134, 'FCS-AM-1339-19', 'ສາຍເງິນ', 'ເລືອງລືໄຊ', 'Monday', 'Mobile Application Programming', '307', 'HCS6A', 'ເຊົ້າ', '2021-2022', NULL, NULL, 1, 1, '2022-05-02'),
(135, 'FCS-AM-1348-19', 'ພຣະ ພູວັນ', 'ສີຫາວົງ', 'Monday', 'Mobile Application Programming', '307', 'HCS6A', 'ເຊົ້າ', '2021-2022', NULL, NULL, 1, 1, '2022-05-02'),
(136, 'FCS-AM-1419-19', 'ໄຊຍະລາດ ', 'ເຄນສຸລິນ', 'Monday', 'Mobile Application Programming', '307', 'HCS6A', 'ເຊົ້າ', '2021-2022', NULL, NULL, 1, 1, '2022-05-02'),
(137, 'FCS-AM-1329-19', 'ກອງມະນີ', 'ອຸດົມເພັດ', 'Monday', 'Mobile Application Programming', '307', 'HCS6A', 'ເຊົ້າ', '2021-2022', NULL, '11:50:00', 1, 0, '2022-05-09'),
(138, 'FCS-AM-1339-19', 'ສາຍເງິນ', 'ເລືອງລືໄຊ', 'Monday', 'Mobile Application Programming', '307', 'HCS6A', 'ເຊົ້າ', '2021-2022', NULL, '11:50:00', 1, 0, '2022-05-09'),
(139, 'FCS-AM-1348-19', 'ພຣະ ພູວັນ', 'ສີຫາວົງ', 'Monday', 'Mobile Application Programming', '307', 'HCS6A', 'ເຊົ້າ', '2021-2022', NULL, '11:50:00', 1, 0, '2022-05-09'),
(140, 'FCS-AM-1419-19', 'ໄຊຍະລາດ ', 'ເຄນສຸລິນ', 'Monday', 'Mobile Application Programming', '307', 'HCS6A', 'ເຊົ້າ', '2021-2022', NULL, '11:50:00', 1, 0, '2022-05-09'),
(141, 'FCS-AM-1329-19', 'ກອງມະນີ', 'ອຸດົມເພັດ', 'Monday', 'Mobile Application Programming', '307', 'HCS6A', 'ເຊົ້າ', '2021-2022', NULL, '11:50:00', 1, 0, '2022-05-16'),
(142, 'FCS-AM-1339-19', 'ສາຍເງິນ', 'ເລືອງລືໄຊ', 'Monday', 'Mobile Application Programming', '307', 'HCS6A', 'ເຊົ້າ', '2021-2022', NULL, '11:50:00', 1, 0, '2022-05-16'),
(143, 'FCS-AM-1348-19', 'ພຣະ ພູວັນ', 'ສີຫາວົງ', 'Monday', 'Mobile Application Programming', '307', 'HCS6A', 'ເຊົ້າ', '2021-2022', NULL, '11:50:00', 1, 0, '2022-05-16'),
(144, 'FCS-AM-1419-19', 'ໄຊຍະລາດ ', 'ເຄນສຸລິນ', 'Monday', 'Mobile Application Programming', '307', 'HCS6A', 'ເຊົ້າ', '2021-2022', NULL, '11:50:00', 1, 0, '2022-05-16'),
(145, 'FCS-AM-1329-19', 'ກອງມະນີ', 'ອຸດົມເພັດ', 'Monday', 'Mobile Application Programming', '307', 'HCS6A', 'ເຊົ້າ', '2021-2022', '08:20:00', '11:45:00', 0, 0, '2022-05-23'),
(146, 'FCS-AM-1339-19', 'ສາຍເງິນ', 'ເລືອງລືໄຊ', 'Monday', 'Mobile Application Programming', '307', 'HCS6A', 'ເຊົ້າ', '2021-2022', '08:20:00', '11:45:00', 0, 0, '2022-05-23'),
(147, 'FCS-AM-1348-19', 'ພຣະ ພູວັນ', 'ສີຫາວົງ', 'Monday', 'Mobile Application Programming', '307', 'HCS6A', 'ເຊົ້າ', '2021-2022', '08:20:00', '11:45:00', 0, 0, '2022-05-23'),
(148, 'FCS-AM-1419-19', 'ໄຊຍະລາດ ', 'ເຄນສຸລິນ', 'Monday', 'Mobile Application Programming', '307', 'HCS6A', 'ເຊົ້າ', '2021-2022', '08:20:00', '11:45:00', 0, 0, '2022-05-23'),
(149, 'FCS-AM-1329-19', 'ກອງມະນີ', 'ອຸດົມເພັດ', 'Monday', 'Mobile Application Programming', '307', 'HCS6A', 'ເຊົ້າ', '2021-2022', '08:45:00', NULL, 0, 1, '2022-05-30'),
(150, 'FCS-AM-1339-19', 'ສາຍເງິນ', 'ເລືອງລືໄຊ', 'Monday', 'Mobile Application Programming', '307', 'HCS6A', 'ເຊົ້າ', '2021-2022', '08:45:00', NULL, 0, 1, '2022-05-30'),
(151, 'FCS-AM-1348-19', 'ພຣະ ພູວັນ', 'ສີຫາວົງ', 'Monday', 'Mobile Application Programming', '307', 'HCS6A', 'ເຊົ້າ', '2021-2022', '08:45:00', NULL, 0, 1, '2022-05-30'),
(152, 'FCS-AM-1419-19', 'ໄຊຍະລາດ ', 'ເຄນສຸລິນ', 'Monday', 'Mobile Application Programming', '307', 'HCS6A', 'ເຊົ້າ', '2021-2022', '08:45:00', NULL, 0, 1, '2022-05-30'),
(153, 'FCS-AM-1329-19', 'ກອງມະນີ', 'ອຸດົມເພັດ', 'Monday', 'Mobile Application Programming', '307', 'HCS6A', 'ເຊົ້າ', '2021-2022', '08:45:00', NULL, 0, 1, '2022-06-06'),
(154, 'FCS-AM-1339-19', 'ສາຍເງິນ', 'ເລືອງລືໄຊ', 'Monday', 'Mobile Application Programming', '307', 'HCS6A', 'ເຊົ້າ', '2021-2022', '08:45:00', NULL, 0, 1, '2022-06-06'),
(155, 'FCS-AM-1348-19', 'ພຣະ ພູວັນ', 'ສີຫາວົງ', 'Monday', 'Mobile Application Programming', '307', 'HCS6A', 'ເຊົ້າ', '2021-2022', '08:45:00', NULL, 0, 1, '2022-06-06'),
(156, 'FCS-AM-1419-19', 'ໄຊຍະລາດ ', 'ເຄນສຸລິນ', 'Monday', 'Mobile Application Programming', '307', 'HCS6A', 'ເຊົ້າ', '2021-2022', '08:45:00', NULL, 0, 1, '2022-06-06'),
(157, 'FCS-AM-1329-19', 'ກອງມະນີ', 'ອຸດົມເພັດ', 'Monday', 'Mobile Application Programming', '307', 'HCS6A', 'ເຊົ້າ', '2021-2022', NULL, '11:50:00', 1, 0, '2022-06-13'),
(158, 'FCS-AM-1339-19', 'ສາຍເງິນ', 'ເລືອງລືໄຊ', 'Monday', 'Mobile Application Programming', '307', 'HCS6A', 'ເຊົ້າ', '2021-2022', NULL, '11:50:00', 1, 0, '2022-06-13'),
(159, 'FCS-AM-1348-19', 'ພຣະ ພູວັນ', 'ສີຫາວົງ', 'Monday', 'Mobile Application Programming', '307', 'HCS6A', 'ເຊົ້າ', '2021-2022', NULL, '11:50:00', 1, 0, '2022-06-13'),
(160, 'FCS-AM-1419-19', 'ໄຊຍະລາດ ', 'ເຄນສຸລິນ', 'Monday', 'Mobile Application Programming', '307', 'HCS6A', 'ເຊົ້າ', '2021-2022', NULL, '11:50:00', 1, 0, '2022-06-13'),
(161, 'FCS-AM-1329-19', 'ກອງມະນີ', 'ອຸດົມເພັດ', 'Monday', 'Mobile Application Programming', '307', 'HCS6A', 'ເຊົ້າ', '2021-2022', NULL, NULL, 1, 1, '2022-06-20'),
(162, 'FCS-AM-1339-19', 'ສາຍເງິນ', 'ເລືອງລືໄຊ', 'Monday', 'Mobile Application Programming', '307', 'HCS6A', 'ເຊົ້າ', '2021-2022', NULL, NULL, 1, 1, '2022-06-20'),
(163, 'FCS-AM-1348-19', 'ພຣະ ພູວັນ', 'ສີຫາວົງ', 'Monday', 'Mobile Application Programming', '307', 'HCS6A', 'ເຊົ້າ', '2021-2022', NULL, NULL, 1, 1, '2022-06-20'),
(164, 'FCS-AM-1419-19', 'ໄຊຍະລາດ ', 'ເຄນສຸລິນ', 'Monday', 'Mobile Application Programming', '307', 'HCS6A', 'ເຊົ້າ', '2021-2022', NULL, NULL, 1, 1, '2022-06-20'),
(165, 'FCS-AM-1329-19', 'ກອງມະນີ', 'ອຸດົມເພັດ', 'Monday', 'Mobile Application Programming', '307', 'HCS6A', 'ເຊົ້າ', '2021-2022', '08:20:00', '11:45:00', 0, 0, '2022-06-27'),
(166, 'FCS-AM-1339-19', 'ສາຍເງິນ', 'ເລືອງລືໄຊ', 'Monday', 'Mobile Application Programming', '307', 'HCS6A', 'ເຊົ້າ', '2021-2022', '08:20:00', '11:45:00', 0, 0, '2022-06-27'),
(167, 'FCS-AM-1348-19', 'ພຣະ ພູວັນ', 'ສີຫາວົງ', 'Monday', 'Mobile Application Programming', '307', 'HCS6A', 'ເຊົ້າ', '2021-2022', '08:20:00', '11:45:00', 0, 0, '2022-06-27'),
(168, 'FCS-AM-1419-19', 'ໄຊຍະລາດ ', 'ເຄນສຸລິນ', 'Monday', 'Mobile Application Programming', '307', 'HCS6A', 'ເຊົ້າ', '2021-2022', '08:20:00', '11:45:00', 0, 0, '2022-06-27'),
(169, 'FCS-AM-1329-19', 'ກອງມະນີ', 'ອຸດົມເພັດ', 'Tuesday', 'programming with java2', '307', 'HCS6A', 'ເຊົ້າ', '2021-2022', '08:45:00', NULL, 0, 1, '2022-05-03'),
(170, 'FCS-AM-1339-19', 'ສາຍເງິນ', 'ເລືອງລືໄຊ', 'Tuesday', 'programming with java2', '307', 'HCS6A', 'ເຊົ້າ', '2021-2022', '08:45:00', NULL, 0, 1, '2022-05-03'),
(171, 'FCS-AM-1348-19', 'ພຣະ ພູວັນ', 'ສີຫາວົງ', 'Tuesday', 'programming with java2', '307', 'HCS6A', 'ເຊົ້າ', '2021-2022', '08:45:00', NULL, 0, 1, '2022-05-03'),
(172, 'FCS-AM-1419-19', 'ໄຊຍະລາດ ', 'ເຄນສຸລິນ', 'Tuesday', 'programming with java2', '307', 'HCS6A', 'ເຊົ້າ', '2021-2022', '08:45:00', NULL, 0, 1, '2022-05-03'),
(173, 'FCS-AM-1329-19', 'ກອງມະນີ', 'ອຸດົມເພັດ', 'Tuesday', 'programming with java2', '307', 'HCS6A', 'ເຊົ້າ', '2021-2022', NULL, NULL, 1, 1, '2022-05-10'),
(174, 'FCS-AM-1339-19', 'ສາຍເງິນ', 'ເລືອງລືໄຊ', 'Tuesday', 'programming with java2', '307', 'HCS6A', 'ເຊົ້າ', '2021-2022', NULL, NULL, 1, 1, '2022-05-10'),
(175, 'FCS-AM-1348-19', 'ພຣະ ພູວັນ', 'ສີຫາວົງ', 'Tuesday', 'programming with java2', '307', 'HCS6A', 'ເຊົ້າ', '2021-2022', NULL, NULL, 1, 1, '2022-05-10'),
(176, 'FCS-AM-1419-19', 'ໄຊຍະລາດ ', 'ເຄນສຸລິນ', 'Tuesday', 'programming with java2', '307', 'HCS6A', 'ເຊົ້າ', '2021-2022', NULL, NULL, 1, 1, '2022-05-10'),
(177, 'FCS-AM-1329-19', 'ກອງມະນີ', 'ອຸດົມເພັດ', 'Tuesday', 'programming with java2', '307', 'HCS6A', 'ເຊົ້າ', '2021-2022', '08:20:00', '11:45:00', 0, 0, '2022-05-17'),
(178, 'FCS-AM-1339-19', 'ສາຍເງິນ', 'ເລືອງລືໄຊ', 'Tuesday', 'programming with java2', '307', 'HCS6A', 'ເຊົ້າ', '2021-2022', '08:20:00', '11:45:00', 0, 0, '2022-05-17'),
(179, 'FCS-AM-1348-19', 'ພຣະ ພູວັນ', 'ສີຫາວົງ', 'Tuesday', 'programming with java2', '307', 'HCS6A', 'ເຊົ້າ', '2021-2022', '08:20:00', '11:45:00', 0, 0, '2022-05-17'),
(180, 'FCS-AM-1419-19', 'ໄຊຍະລາດ ', 'ເຄນສຸລິນ', 'Tuesday', 'programming with java2', '307', 'HCS6A', 'ເຊົ້າ', '2021-2022', '08:20:00', '11:45:00', 0, 0, '2022-05-17'),
(181, 'FCS-AM-1329-19', 'ກອງມະນີ', 'ອຸດົມເພັດ', 'Tuesday', 'programming with java2', '307', 'HCS6A', 'ເຊົ້າ', '2021-2022', NULL, '11:50:00', 1, 0, '2022-05-24'),
(182, 'FCS-AM-1339-19', 'ສາຍເງິນ', 'ເລືອງລືໄຊ', 'Tuesday', 'programming with java2', '307', 'HCS6A', 'ເຊົ້າ', '2021-2022', NULL, '11:50:00', 1, 0, '2022-05-24'),
(183, 'FCS-AM-1348-19', 'ພຣະ ພູວັນ', 'ສີຫາວົງ', 'Tuesday', 'programming with java2', '307', 'HCS6A', 'ເຊົ້າ', '2021-2022', NULL, '11:50:00', 1, 0, '2022-05-24'),
(184, 'FCS-AM-1419-19', 'ໄຊຍະລາດ ', 'ເຄນສຸລິນ', 'Tuesday', 'programming with java2', '307', 'HCS6A', 'ເຊົ້າ', '2021-2022', NULL, '11:50:00', 1, 0, '2022-05-24'),
(185, 'FCS-AM-1329-19', 'ກອງມະນີ', 'ອຸດົມເພັດ', 'Tuesday', 'programming with java2', '307', 'HCS6A', 'ເຊົ້າ', '2021-2022', '08:20:00', '11:45:00', 0, 0, '2022-05-31'),
(186, 'FCS-AM-1339-19', 'ສາຍເງິນ', 'ເລືອງລືໄຊ', 'Tuesday', 'programming with java2', '307', 'HCS6A', 'ເຊົ້າ', '2021-2022', '08:20:00', '11:45:00', 0, 0, '2022-05-31'),
(187, 'FCS-AM-1348-19', 'ພຣະ ພູວັນ', 'ສີຫາວົງ', 'Tuesday', 'programming with java2', '307', 'HCS6A', 'ເຊົ້າ', '2021-2022', '08:20:00', '11:45:00', 0, 0, '2022-05-31'),
(188, 'FCS-AM-1419-19', 'ໄຊຍະລາດ ', 'ເຄນສຸລິນ', 'Tuesday', 'programming with java2', '307', 'HCS6A', 'ເຊົ້າ', '2021-2022', '08:20:00', '11:45:00', 0, 0, '2022-05-31'),
(189, 'FCS-AM-1329-19', 'ກອງມະນີ', 'ອຸດົມເພັດ', 'Tuesday', 'programming with java2', '307', 'HCS6A', 'ເຊົ້າ', '2021-2022', '08:45:00', NULL, 0, 1, '2022-06-07'),
(190, 'FCS-AM-1339-19', 'ສາຍເງິນ', 'ເລືອງລືໄຊ', 'Tuesday', 'programming with java2', '307', 'HCS6A', 'ເຊົ້າ', '2021-2022', '08:45:00', NULL, 0, 1, '2022-06-07'),
(191, 'FCS-AM-1348-19', 'ພຣະ ພູວັນ', 'ສີຫາວົງ', 'Tuesday', 'programming with java2', '307', 'HCS6A', 'ເຊົ້າ', '2021-2022', '08:45:00', NULL, 0, 1, '2022-06-07'),
(192, 'FCS-AM-1419-19', 'ໄຊຍະລາດ ', 'ເຄນສຸລິນ', 'Tuesday', 'programming with java2', '307', 'HCS6A', 'ເຊົ້າ', '2021-2022', '08:45:00', NULL, 0, 1, '2022-06-07'),
(193, 'FCS-AM-1329-19', 'ກອງມະນີ', 'ອຸດົມເພັດ', 'Tuesday', 'programming with java2', '307', 'HCS6A', 'ເຊົ້າ', '2021-2022', NULL, NULL, 1, 1, '2022-06-14'),
(194, 'FCS-AM-1339-19', 'ສາຍເງິນ', 'ເລືອງລືໄຊ', 'Tuesday', 'programming with java2', '307', 'HCS6A', 'ເຊົ້າ', '2021-2022', NULL, NULL, 1, 1, '2022-06-14'),
(195, 'FCS-AM-1348-19', 'ພຣະ ພູວັນ', 'ສີຫາວົງ', 'Tuesday', 'programming with java2', '307', 'HCS6A', 'ເຊົ້າ', '2021-2022', NULL, NULL, 1, 1, '2022-06-14'),
(196, 'FCS-AM-1419-19', 'ໄຊຍະລາດ ', 'ເຄນສຸລິນ', 'Tuesday', 'programming with java2', '307', 'HCS6A', 'ເຊົ້າ', '2021-2022', NULL, NULL, 1, 1, '2022-06-14'),
(197, 'FCS-AM-1329-19', 'ກອງມະນີ', 'ອຸດົມເພັດ', 'Tuesday', 'programming with java2', '307', 'HCS6A', 'ເຊົ້າ', '2021-2022', NULL, NULL, 1, 1, '2022-06-21'),
(198, 'FCS-AM-1339-19', 'ສາຍເງິນ', 'ເລືອງລືໄຊ', 'Tuesday', 'programming with java2', '307', 'HCS6A', 'ເຊົ້າ', '2021-2022', NULL, NULL, 1, 1, '2022-06-21'),
(199, 'FCS-AM-1348-19', 'ພຣະ ພູວັນ', 'ສີຫາວົງ', 'Tuesday', 'programming with java2', '307', 'HCS6A', 'ເຊົ້າ', '2021-2022', NULL, NULL, 1, 1, '2022-06-21'),
(200, 'FCS-AM-1419-19', 'ໄຊຍະລາດ ', 'ເຄນສຸລິນ', 'Tuesday', 'programming with java2', '307', 'HCS6A', 'ເຊົ້າ', '2021-2022', NULL, NULL, 1, 1, '2022-06-21'),
(201, 'FCS-AM-1329-19', 'ກອງມະນີ', 'ອຸດົມເພັດ', 'Tuesday', 'programming with java2', '307', 'HCS6A', 'ເຊົ້າ', '2021-2022', NULL, NULL, 1, 1, '2022-06-28'),
(202, 'FCS-AM-1339-19', 'ສາຍເງິນ', 'ເລືອງລືໄຊ', 'Tuesday', 'programming with java2', '307', 'HCS6A', 'ເຊົ້າ', '2021-2022', NULL, NULL, 1, 1, '2022-06-28'),
(203, 'FCS-AM-1348-19', 'ພຣະ ພູວັນ', 'ສີຫາວົງ', 'Tuesday', 'programming with java2', '307', 'HCS6A', 'ເຊົ້າ', '2021-2022', NULL, NULL, 1, 1, '2022-06-28'),
(204, 'FCS-AM-1419-19', 'ໄຊຍະລາດ ', 'ເຄນສຸລິນ', 'Tuesday', 'programming with java2', '307', 'HCS6A', 'ເຊົ້າ', '2021-2022', NULL, NULL, 1, 1, '2022-06-28'),
(205, 'FCS-AM-1329-19', 'ກອງມະນີ', 'ອຸດົມເພັດ', 'Wednesday', 'Digital Image processing', '309', 'HCS6A', 'ເຊົ້າ', '2021-2022', NULL, NULL, 1, 1, '2022-05-04'),
(206, 'FCS-AM-1339-19', 'ສາຍເງິນ', 'ເລືອງລືໄຊ', 'Wednesday', 'Digital Image processing', '309', 'HCS6A', 'ເຊົ້າ', '2021-2022', NULL, NULL, 1, 1, '2022-05-04'),
(207, 'FCS-AM-1348-19', 'ພຣະ ພູວັນ', 'ສີຫາວົງ', 'Wednesday', 'Digital Image processing', '309', 'HCS6A', 'ເຊົ້າ', '2021-2022', NULL, NULL, 1, 1, '2022-05-04'),
(208, 'FCS-AM-1419-19', 'ໄຊຍະລາດ ', 'ເຄນສຸລິນ', 'Wednesday', 'Digital Image processing', '309', 'HCS6A', 'ເຊົ້າ', '2021-2022', NULL, NULL, 1, 1, '2022-05-04'),
(209, 'FCS-AM-1329-19', 'ກອງມະນີ', 'ອຸດົມເພັດ', 'Wednesday', 'Digital Image processing', '309', 'HCS6A', 'ເຊົ້າ', '2021-2022', '08:45:00', NULL, 0, 1, '2022-05-11'),
(210, 'FCS-AM-1339-19', 'ສາຍເງິນ', 'ເລືອງລືໄຊ', 'Wednesday', 'Digital Image processing', '309', 'HCS6A', 'ເຊົ້າ', '2021-2022', '08:45:00', NULL, 0, 1, '2022-05-11'),
(211, 'FCS-AM-1348-19', 'ພຣະ ພູວັນ', 'ສີຫາວົງ', 'Wednesday', 'Digital Image processing', '309', 'HCS6A', 'ເຊົ້າ', '2021-2022', '08:45:00', NULL, 0, 1, '2022-05-11'),
(212, 'FCS-AM-1419-19', 'ໄຊຍະລາດ ', 'ເຄນສຸລິນ', 'Wednesday', 'Digital Image processing', '309', 'HCS6A', 'ເຊົ້າ', '2021-2022', '08:45:00', NULL, 0, 1, '2022-05-11'),
(213, 'FCS-AM-1329-19', 'ກອງມະນີ', 'ອຸດົມເພັດ', 'Wednesday', 'Digital Image processing', '309', 'HCS6A', 'ເຊົ້າ', '2021-2022', NULL, NULL, 1, 1, '2022-05-18'),
(214, 'FCS-AM-1339-19', 'ສາຍເງິນ', 'ເລືອງລືໄຊ', 'Wednesday', 'Digital Image processing', '309', 'HCS6A', 'ເຊົ້າ', '2021-2022', NULL, NULL, 1, 1, '2022-05-18'),
(215, 'FCS-AM-1348-19', 'ພຣະ ພູວັນ', 'ສີຫາວົງ', 'Wednesday', 'Digital Image processing', '309', 'HCS6A', 'ເຊົ້າ', '2021-2022', NULL, NULL, 1, 1, '2022-05-18'),
(216, 'FCS-AM-1419-19', 'ໄຊຍະລາດ ', 'ເຄນສຸລິນ', 'Wednesday', 'Digital Image processing', '309', 'HCS6A', 'ເຊົ້າ', '2021-2022', NULL, NULL, 1, 1, '2022-05-18'),
(217, 'FCS-AM-1329-19', 'ກອງມະນີ', 'ອຸດົມເພັດ', 'Wednesday', 'Digital Image processing', '309', 'HCS6A', 'ເຊົ້າ', '2021-2022', '08:20:00', '11:45:00', 0, 0, '2022-05-25'),
(218, 'FCS-AM-1339-19', 'ສາຍເງິນ', 'ເລືອງລືໄຊ', 'Wednesday', 'Digital Image processing', '309', 'HCS6A', 'ເຊົ້າ', '2021-2022', '08:20:00', '11:45:00', 0, 0, '2022-05-25'),
(219, 'FCS-AM-1348-19', 'ພຣະ ພູວັນ', 'ສີຫາວົງ', 'Wednesday', 'Digital Image processing', '309', 'HCS6A', 'ເຊົ້າ', '2021-2022', '08:20:00', '11:45:00', 0, 0, '2022-05-25'),
(220, 'FCS-AM-1419-19', 'ໄຊຍະລາດ ', 'ເຄນສຸລິນ', 'Wednesday', 'Digital Image processing', '309', 'HCS6A', 'ເຊົ້າ', '2021-2022', '08:20:00', '11:45:00', 0, 0, '2022-05-25'),
(221, 'FCS-AM-1329-19', 'ກອງມະນີ', 'ອຸດົມເພັດ', 'Wednesday', 'Digital Image processing', '309', 'HCS6A', 'ເຊົ້າ', '2021-2022', NULL, NULL, 1, 1, '2022-06-01'),
(222, 'FCS-AM-1339-19', 'ສາຍເງິນ', 'ເລືອງລືໄຊ', 'Wednesday', 'Digital Image processing', '309', 'HCS6A', 'ເຊົ້າ', '2021-2022', NULL, NULL, 1, 1, '2022-06-01'),
(223, 'FCS-AM-1348-19', 'ພຣະ ພູວັນ', 'ສີຫາວົງ', 'Wednesday', 'Digital Image processing', '309', 'HCS6A', 'ເຊົ້າ', '2021-2022', NULL, NULL, 1, 1, '2022-06-01'),
(224, 'FCS-AM-1419-19', 'ໄຊຍະລາດ ', 'ເຄນສຸລິນ', 'Wednesday', 'Digital Image processing', '309', 'HCS6A', 'ເຊົ້າ', '2021-2022', NULL, NULL, 1, 1, '2022-06-01'),
(225, 'FCS-AM-1329-19', 'ກອງມະນີ', 'ອຸດົມເພັດ', 'Wednesday', 'Digital Image processing', '309', 'HCS6A', 'ເຊົ້າ', '2021-2022', NULL, NULL, 1, 1, '2022-06-08'),
(226, 'FCS-AM-1339-19', 'ສາຍເງິນ', 'ເລືອງລືໄຊ', 'Wednesday', 'Digital Image processing', '309', 'HCS6A', 'ເຊົ້າ', '2021-2022', NULL, NULL, 1, 1, '2022-06-08'),
(227, 'FCS-AM-1348-19', 'ພຣະ ພູວັນ', 'ສີຫາວົງ', 'Wednesday', 'Digital Image processing', '309', 'HCS6A', 'ເຊົ້າ', '2021-2022', NULL, NULL, 1, 1, '2022-06-08'),
(228, 'FCS-AM-1419-19', 'ໄຊຍະລາດ ', 'ເຄນສຸລິນ', 'Wednesday', 'Digital Image processing', '309', 'HCS6A', 'ເຊົ້າ', '2021-2022', NULL, NULL, 1, 1, '2022-06-08'),
(229, 'FCS-AM-1329-19', 'ກອງມະນີ', 'ອຸດົມເພັດ', 'Wednesday', 'Digital Image processing', '309', 'HCS6A', 'ເຊົ້າ', '2021-2022', NULL, '11:50:00', 1, 0, '2022-06-15'),
(230, 'FCS-AM-1339-19', 'ສາຍເງິນ', 'ເລືອງລືໄຊ', 'Wednesday', 'Digital Image processing', '309', 'HCS6A', 'ເຊົ້າ', '2021-2022', NULL, '11:50:00', 1, 0, '2022-06-15'),
(231, 'FCS-AM-1348-19', 'ພຣະ ພູວັນ', 'ສີຫາວົງ', 'Wednesday', 'Digital Image processing', '309', 'HCS6A', 'ເຊົ້າ', '2021-2022', NULL, '11:50:00', 1, 0, '2022-06-15'),
(232, 'FCS-AM-1419-19', 'ໄຊຍະລາດ ', 'ເຄນສຸລິນ', 'Wednesday', 'Digital Image processing', '309', 'HCS6A', 'ເຊົ້າ', '2021-2022', NULL, '11:50:00', 1, 0, '2022-06-15'),
(233, 'FCS-AM-1329-19', 'ກອງມະນີ', 'ອຸດົມເພັດ', 'Wednesday', 'Digital Image processing', '309', 'HCS6A', 'ເຊົ້າ', '2021-2022', NULL, NULL, 1, 1, '2022-06-22'),
(234, 'FCS-AM-1339-19', 'ສາຍເງິນ', 'ເລືອງລືໄຊ', 'Wednesday', 'Digital Image processing', '309', 'HCS6A', 'ເຊົ້າ', '2021-2022', NULL, NULL, 1, 1, '2022-06-22'),
(235, 'FCS-AM-1348-19', 'ພຣະ ພູວັນ', 'ສີຫາວົງ', 'Wednesday', 'Digital Image processing', '309', 'HCS6A', 'ເຊົ້າ', '2021-2022', NULL, NULL, 1, 1, '2022-06-22'),
(236, 'FCS-AM-1419-19', 'ໄຊຍະລາດ ', 'ເຄນສຸລິນ', 'Wednesday', 'Digital Image processing', '309', 'HCS6A', 'ເຊົ້າ', '2021-2022', NULL, NULL, 1, 1, '2022-06-22'),
(237, 'FCS-AM-1329-19', 'ກອງມະນີ', 'ອຸດົມເພັດ', 'Wednesday', 'Digital Image processing', '309', 'HCS6A', 'ເຊົ້າ', '2021-2022', NULL, '11:50:00', 1, 0, '2022-06-29'),
(238, 'FCS-AM-1339-19', 'ສາຍເງິນ', 'ເລືອງລືໄຊ', 'Wednesday', 'Digital Image processing', '309', 'HCS6A', 'ເຊົ້າ', '2021-2022', NULL, '11:50:00', 1, 0, '2022-06-29'),
(239, 'FCS-AM-1348-19', 'ພຣະ ພູວັນ', 'ສີຫາວົງ', 'Wednesday', 'Digital Image processing', '309', 'HCS6A', 'ເຊົ້າ', '2021-2022', NULL, '11:50:00', 1, 0, '2022-06-29'),
(240, 'FCS-AM-1419-19', 'ໄຊຍະລາດ ', 'ເຄນສຸລິນ', 'Wednesday', 'Digital Image processing', '309', 'HCS6A', 'ເຊົ້າ', '2021-2022', NULL, '11:50:00', 1, 0, '2022-06-29'),
(241, 'FCS-AM-1329-19', 'ກອງມະນີ', 'ອຸດົມເພັດ', 'Thursday', 'linux system administration', '503', 'HCS6A', 'ເຊົ້າ', '2021-2022', '08:45:00', NULL, 0, 1, '2022-05-05'),
(242, 'FCS-AM-1339-19', 'ສາຍເງິນ', 'ເລືອງລືໄຊ', 'Thursday', 'linux system administration', '503', 'HCS6A', 'ເຊົ້າ', '2021-2022', '08:45:00', NULL, 0, 1, '2022-05-05'),
(243, 'FCS-AM-1348-19', 'ພຣະ ພູວັນ', 'ສີຫາວົງ', 'Thursday', 'linux system administration', '503', 'HCS6A', 'ເຊົ້າ', '2021-2022', '08:45:00', NULL, 0, 1, '2022-05-05'),
(244, 'FCS-AM-1419-19', 'ໄຊຍະລາດ ', 'ເຄນສຸລິນ', 'Thursday', 'linux system administration', '503', 'HCS6A', 'ເຊົ້າ', '2021-2022', '08:45:00', NULL, 0, 1, '2022-05-05'),
(245, 'FCS-AM-1329-19', 'ກອງມະນີ', 'ອຸດົມເພັດ', 'Thursday', 'linux system administration', '503', 'HCS6A', 'ເຊົ້າ', '2021-2022', NULL, NULL, 1, 1, '2022-05-12'),
(246, 'FCS-AM-1339-19', 'ສາຍເງິນ', 'ເລືອງລືໄຊ', 'Thursday', 'linux system administration', '503', 'HCS6A', 'ເຊົ້າ', '2021-2022', NULL, NULL, 1, 1, '2022-05-12'),
(247, 'FCS-AM-1348-19', 'ພຣະ ພູວັນ', 'ສີຫາວົງ', 'Thursday', 'linux system administration', '503', 'HCS6A', 'ເຊົ້າ', '2021-2022', NULL, NULL, 1, 1, '2022-05-12'),
(248, 'FCS-AM-1419-19', 'ໄຊຍະລາດ ', 'ເຄນສຸລິນ', 'Thursday', 'linux system administration', '503', 'HCS6A', 'ເຊົ້າ', '2021-2022', NULL, NULL, 1, 1, '2022-05-12'),
(249, 'FCS-AM-1329-19', 'ກອງມະນີ', 'ອຸດົມເພັດ', 'Thursday', 'linux system administration', '503', 'HCS6A', 'ເຊົ້າ', '2021-2022', NULL, '11:50:00', 1, 0, '2022-05-19'),
(250, 'FCS-AM-1339-19', 'ສາຍເງິນ', 'ເລືອງລືໄຊ', 'Thursday', 'linux system administration', '503', 'HCS6A', 'ເຊົ້າ', '2021-2022', NULL, '11:50:00', 1, 0, '2022-05-19'),
(251, 'FCS-AM-1348-19', 'ພຣະ ພູວັນ', 'ສີຫາວົງ', 'Thursday', 'linux system administration', '503', 'HCS6A', 'ເຊົ້າ', '2021-2022', NULL, '11:50:00', 1, 0, '2022-05-19'),
(252, 'FCS-AM-1419-19', 'ໄຊຍະລາດ ', 'ເຄນສຸລິນ', 'Thursday', 'linux system administration', '503', 'HCS6A', 'ເຊົ້າ', '2021-2022', NULL, '11:50:00', 1, 0, '2022-05-19'),
(253, 'FCS-AM-1329-19', 'ກອງມະນີ', 'ອຸດົມເພັດ', 'Thursday', 'linux system administration', '503', 'HCS6A', 'ເຊົ້າ', '2021-2022', NULL, NULL, 1, 1, '2022-05-26'),
(254, 'FCS-AM-1339-19', 'ສາຍເງິນ', 'ເລືອງລືໄຊ', 'Thursday', 'linux system administration', '503', 'HCS6A', 'ເຊົ້າ', '2021-2022', NULL, NULL, 1, 1, '2022-05-26'),
(255, 'FCS-AM-1348-19', 'ພຣະ ພູວັນ', 'ສີຫາວົງ', 'Thursday', 'linux system administration', '503', 'HCS6A', 'ເຊົ້າ', '2021-2022', NULL, NULL, 1, 1, '2022-05-26'),
(256, 'FCS-AM-1419-19', 'ໄຊຍະລາດ ', 'ເຄນສຸລິນ', 'Thursday', 'linux system administration', '503', 'HCS6A', 'ເຊົ້າ', '2021-2022', NULL, NULL, 1, 1, '2022-05-26'),
(257, 'FCS-AM-1329-19', 'ກອງມະນີ', 'ອຸດົມເພັດ', 'Thursday', 'linux system administration', '503', 'HCS6A', 'ເຊົ້າ', '2021-2022', NULL, NULL, 1, 1, '2022-06-02'),
(258, 'FCS-AM-1339-19', 'ສາຍເງິນ', 'ເລືອງລືໄຊ', 'Thursday', 'linux system administration', '503', 'HCS6A', 'ເຊົ້າ', '2021-2022', NULL, NULL, 1, 1, '2022-06-02'),
(259, 'FCS-AM-1348-19', 'ພຣະ ພູວັນ', 'ສີຫາວົງ', 'Thursday', 'linux system administration', '503', 'HCS6A', 'ເຊົ້າ', '2021-2022', NULL, NULL, 1, 1, '2022-06-02'),
(260, 'FCS-AM-1419-19', 'ໄຊຍະລາດ ', 'ເຄນສຸລິນ', 'Thursday', 'linux system administration', '503', 'HCS6A', 'ເຊົ້າ', '2021-2022', NULL, NULL, 1, 1, '2022-06-02'),
(261, 'FCS-AM-1329-19', 'ກອງມະນີ', 'ອຸດົມເພັດ', 'Thursday', 'linux system administration', '503', 'HCS6A', 'ເຊົ້າ', '2021-2022', '08:45:00', NULL, 0, 1, '2022-06-09'),
(262, 'FCS-AM-1339-19', 'ສາຍເງິນ', 'ເລືອງລືໄຊ', 'Thursday', 'linux system administration', '503', 'HCS6A', 'ເຊົ້າ', '2021-2022', '08:45:00', NULL, 0, 1, '2022-06-09'),
(263, 'FCS-AM-1348-19', 'ພຣະ ພູວັນ', 'ສີຫາວົງ', 'Thursday', 'linux system administration', '503', 'HCS6A', 'ເຊົ້າ', '2021-2022', '08:45:00', NULL, 0, 1, '2022-06-09'),
(264, 'FCS-AM-1419-19', 'ໄຊຍະລາດ ', 'ເຄນສຸລິນ', 'Thursday', 'linux system administration', '503', 'HCS6A', 'ເຊົ້າ', '2021-2022', '08:45:00', NULL, 0, 1, '2022-06-09'),
(265, 'FCS-AM-1329-19', 'ກອງມະນີ', 'ອຸດົມເພັດ', 'Thursday', 'linux system administration', '503', 'HCS6A', 'ເຊົ້າ', '2021-2022', '08:20:00', '11:45:00', 0, 0, '2022-06-16'),
(266, 'FCS-AM-1339-19', 'ສາຍເງິນ', 'ເລືອງລືໄຊ', 'Thursday', 'linux system administration', '503', 'HCS6A', 'ເຊົ້າ', '2021-2022', '08:20:00', '11:45:00', 0, 0, '2022-06-16'),
(267, 'FCS-AM-1348-19', 'ພຣະ ພູວັນ', 'ສີຫາວົງ', 'Thursday', 'linux system administration', '503', 'HCS6A', 'ເຊົ້າ', '2021-2022', '08:20:00', '11:45:00', 0, 0, '2022-06-16'),
(268, 'FCS-AM-1419-19', 'ໄຊຍະລາດ ', 'ເຄນສຸລິນ', 'Thursday', 'linux system administration', '503', 'HCS6A', 'ເຊົ້າ', '2021-2022', '08:20:00', '11:45:00', 0, 0, '2022-06-16'),
(269, 'FCS-AM-1329-19', 'ກອງມະນີ', 'ອຸດົມເພັດ', 'Thursday', 'linux system administration', '503', 'HCS6A', 'ເຊົ້າ', '2021-2022', '08:20:00', '11:45:00', 0, 0, '2022-06-23'),
(270, 'FCS-AM-1329-19', 'ກອງມະນີ', 'ອຸດົມເພັດ', 'Thursday', 'linux system administration', '503', 'HCS6A', 'ເຊົ້າ', '2021-2022', '08:45:00', NULL, 0, 1, '2022-05-05'),
(271, 'FCS-AM-1339-19', 'ສາຍເງິນ', 'ເລືອງລືໄຊ', 'Thursday', 'linux system administration', '503', 'HCS6A', 'ເຊົ້າ', '2021-2022', '08:45:00', NULL, 0, 1, '2022-05-05'),
(272, 'FCS-AM-1348-19', 'ພຣະ ພູວັນ', 'ສີຫາວົງ', 'Thursday', 'linux system administration', '503', 'HCS6A', 'ເຊົ້າ', '2021-2022', '08:45:00', NULL, 0, 1, '2022-05-05'),
(273, 'FCS-AM-1419-19', 'ໄຊຍະລາດ ', 'ເຄນສຸລິນ', 'Thursday', 'linux system administration', '503', 'HCS6A', 'ເຊົ້າ', '2021-2022', '08:45:00', NULL, 0, 1, '2022-05-05'),
(274, 'FCS-AM-1329-19', 'ກອງມະນີ', 'ອຸດົມເພັດ', 'Thursday', 'linux system administration', '503', 'HCS6A', 'ເຊົ້າ', '2021-2022', NULL, NULL, 1, 1, '2022-05-12'),
(275, 'FCS-AM-1339-19', 'ສາຍເງິນ', 'ເລືອງລືໄຊ', 'Thursday', 'linux system administration', '503', 'HCS6A', 'ເຊົ້າ', '2021-2022', NULL, NULL, 1, 1, '2022-05-12'),
(276, 'FCS-AM-1348-19', 'ພຣະ ພູວັນ', 'ສີຫາວົງ', 'Thursday', 'linux system administration', '503', 'HCS6A', 'ເຊົ້າ', '2021-2022', NULL, NULL, 1, 1, '2022-05-12'),
(277, 'FCS-AM-1419-19', 'ໄຊຍະລາດ ', 'ເຄນສຸລິນ', 'Thursday', 'linux system administration', '503', 'HCS6A', 'ເຊົ້າ', '2021-2022', NULL, NULL, 1, 1, '2022-05-12'),
(278, 'FCS-AM-1329-19', 'ກອງມະນີ', 'ອຸດົມເພັດ', 'Thursday', 'linux system administration', '503', 'HCS6A', 'ເຊົ້າ', '2021-2022', NULL, '11:50:00', 1, 0, '2022-05-19'),
(279, 'FCS-AM-1339-19', 'ສາຍເງິນ', 'ເລືອງລືໄຊ', 'Thursday', 'linux system administration', '503', 'HCS6A', 'ເຊົ້າ', '2021-2022', NULL, '11:50:00', 1, 0, '2022-05-19'),
(280, 'FCS-AM-1348-19', 'ພຣະ ພູວັນ', 'ສີຫາວົງ', 'Thursday', 'linux system administration', '503', 'HCS6A', 'ເຊົ້າ', '2021-2022', NULL, '11:50:00', 1, 0, '2022-05-19'),
(281, 'FCS-AM-1419-19', 'ໄຊຍະລາດ ', 'ເຄນສຸລິນ', 'Thursday', 'linux system administration', '503', 'HCS6A', 'ເຊົ້າ', '2021-2022', NULL, '11:50:00', 1, 0, '2022-05-19'),
(282, 'FCS-AM-1329-19', 'ກອງມະນີ', 'ອຸດົມເພັດ', 'Thursday', 'linux system administration', '503', 'HCS6A', 'ເຊົ້າ', '2021-2022', NULL, NULL, 1, 1, '2022-05-26'),
(283, 'FCS-AM-1339-19', 'ສາຍເງິນ', 'ເລືອງລືໄຊ', 'Thursday', 'linux system administration', '503', 'HCS6A', 'ເຊົ້າ', '2021-2022', NULL, NULL, 1, 1, '2022-05-26'),
(284, 'FCS-AM-1348-19', 'ພຣະ ພູວັນ', 'ສີຫາວົງ', 'Thursday', 'linux system administration', '503', 'HCS6A', 'ເຊົ້າ', '2021-2022', NULL, NULL, 1, 1, '2022-05-26'),
(285, 'FCS-AM-1419-19', 'ໄຊຍະລາດ ', 'ເຄນສຸລິນ', 'Thursday', 'linux system administration', '503', 'HCS6A', 'ເຊົ້າ', '2021-2022', NULL, NULL, 1, 1, '2022-05-26'),
(286, 'FCS-AM-1329-19', 'ກອງມະນີ', 'ອຸດົມເພັດ', 'Thursday', 'linux system administration', '503', 'HCS6A', 'ເຊົ້າ', '2021-2022', NULL, NULL, 1, 1, '2022-06-02'),
(287, 'FCS-AM-1339-19', 'ສາຍເງິນ', 'ເລືອງລືໄຊ', 'Thursday', 'linux system administration', '503', 'HCS6A', 'ເຊົ້າ', '2021-2022', NULL, NULL, 1, 1, '2022-06-02'),
(288, 'FCS-AM-1348-19', 'ພຣະ ພູວັນ', 'ສີຫາວົງ', 'Thursday', 'linux system administration', '503', 'HCS6A', 'ເຊົ້າ', '2021-2022', NULL, NULL, 1, 1, '2022-06-02'),
(289, 'FCS-AM-1419-19', 'ໄຊຍະລາດ ', 'ເຄນສຸລິນ', 'Thursday', 'linux system administration', '503', 'HCS6A', 'ເຊົ້າ', '2021-2022', NULL, NULL, 1, 1, '2022-06-02'),
(290, 'FCS-AM-1329-19', 'ກອງມະນີ', 'ອຸດົມເພັດ', 'Thursday', 'linux system administration', '503', 'HCS6A', 'ເຊົ້າ', '2021-2022', '08:45:00', NULL, 0, 1, '2022-06-09'),
(291, 'FCS-AM-1339-19', 'ສາຍເງິນ', 'ເລືອງລືໄຊ', 'Thursday', 'linux system administration', '503', 'HCS6A', 'ເຊົ້າ', '2021-2022', '08:45:00', NULL, 0, 1, '2022-06-09'),
(292, 'FCS-AM-1348-19', 'ພຣະ ພູວັນ', 'ສີຫາວົງ', 'Thursday', 'linux system administration', '503', 'HCS6A', 'ເຊົ້າ', '2021-2022', '08:45:00', NULL, 0, 1, '2022-06-09'),
(293, 'FCS-AM-1419-19', 'ໄຊຍະລາດ ', 'ເຄນສຸລິນ', 'Thursday', 'linux system administration', '503', 'HCS6A', 'ເຊົ້າ', '2021-2022', '08:45:00', NULL, 0, 1, '2022-06-09'),
(294, 'FCS-AM-1329-19', 'ກອງມະນີ', 'ອຸດົມເພັດ', 'Thursday', 'linux system administration', '503', 'HCS6A', 'ເຊົ້າ', '2021-2022', '08:20:00', '11:45:00', 0, 0, '2022-06-16'),
(295, 'FCS-AM-1339-19', 'ສາຍເງິນ', 'ເລືອງລືໄຊ', 'Thursday', 'linux system administration', '503', 'HCS6A', 'ເຊົ້າ', '2021-2022', '08:20:00', '11:45:00', 0, 0, '2022-06-16'),
(296, 'FCS-AM-1348-19', 'ພຣະ ພູວັນ', 'ສີຫາວົງ', 'Thursday', 'linux system administration', '503', 'HCS6A', 'ເຊົ້າ', '2021-2022', '08:20:00', '11:45:00', 0, 0, '2022-06-16'),
(297, 'FCS-AM-1419-19', 'ໄຊຍະລາດ ', 'ເຄນສຸລິນ', 'Thursday', 'linux system administration', '503', 'HCS6A', 'ເຊົ້າ', '2021-2022', '08:20:00', '11:45:00', 0, 0, '2022-06-16'),
(298, 'FCS-AM-1329-19', 'ກອງມະນີ', 'ອຸດົມເພັດ', 'Thursday', 'linux system administration', '503', 'HCS6A', 'ເຊົ້າ', '2021-2022', '08:20:00', '11:45:00', 0, 0, '2022-06-23'),
(299, 'FCS-AM-1339-19', 'ສາຍເງິນ', 'ເລືອງລືໄຊ', 'Thursday', 'linux system administration', '503', 'HCS6A', 'ເຊົ້າ', '2021-2022', '08:20:00', '11:45:00', 0, 0, '2022-06-23'),
(300, 'FCS-AM-1348-19', 'ພຣະ ພູວັນ', 'ສີຫາວົງ', 'Thursday', 'linux system administration', '503', 'HCS6A', 'ເຊົ້າ', '2021-2022', '08:20:00', '11:45:00', 0, 0, '2022-06-23'),
(301, 'FCS-AM-1419-19', 'ໄຊຍະລາດ ', 'ເຄນສຸລິນ', 'Thursday', 'linux system administration', '503', 'HCS6A', 'ເຊົ້າ', '2021-2022', '08:20:00', '11:45:00', 0, 0, '2022-06-23'),
(302, 'FCS-AM-1329-19', 'ກອງມະນີ', 'ອຸດົມເພັດ', 'Thursday', 'linux system administration', '503', 'HCS6A', 'ເຊົ້າ', '2021-2022', NULL, '11:50:00', 1, 0, '2022-06-30'),
(303, 'FCS-AM-1339-19', 'ສາຍເງິນ', 'ເລືອງລືໄຊ', 'Thursday', 'linux system administration', '503', 'HCS6A', 'ເຊົ້າ', '2021-2022', NULL, '11:50:00', 1, 0, '2022-06-30'),
(304, 'FCS-AM-1348-19', 'ພຣະ ພູວັນ', 'ສີຫາວົງ', 'Thursday', 'linux system administration', '503', 'HCS6A', 'ເຊົ້າ', '2021-2022', NULL, '11:50:00', 1, 0, '2022-06-30'),
(305, 'FCS-AM-1419-19', 'ໄຊຍະລາດ ', 'ເຄນສຸລິນ', 'Thursday', 'linux system administration', '503', 'HCS6A', 'ເຊົ້າ', '2021-2022', NULL, '11:50:00', 1, 0, '2022-06-30'),
(306, 'FCS-AM-1329-19', 'ກອງມະນີ', 'ອຸດົມເພັດ', 'Saturday', 'wireless communication system', '401', 'HCS6A', 'ເຊົ້າ', '2021-2022', NULL, '11:50:00', 1, 0, '2022-05-07'),
(307, 'FCS-AM-1339-19', 'ສາຍເງິນ', 'ເລືອງລືໄຊ', 'Saturday', 'wireless communication system', '401', 'HCS6A', 'ເຊົ້າ', '2021-2022', NULL, '11:50:00', 1, 0, '2022-05-07'),
(308, 'FCS-AM-1348-19', 'ພຣະ ພູວັນ', 'ສີຫາວົງ', 'Saturday', 'wireless communication system', '401', 'HCS6A', 'ເຊົ້າ', '2021-2022', NULL, '11:50:00', 1, 0, '2022-05-07'),
(309, 'FCS-AM-1419-19', 'ໄຊຍະລາດ ', 'ເຄນສຸລິນ', 'Saturday', 'wireless communication system', '401', 'HCS6A', 'ເຊົ້າ', '2021-2022', NULL, '11:50:00', 1, 0, '2022-05-07'),
(310, 'FCS-AM-1329-19', 'ກອງມະນີ', 'ອຸດົມເພັດ', 'Saturday', 'wireless communication system', '401', 'HCS6A', 'ເຊົ້າ', '2021-2022', '08:45:00', NULL, 0, 1, '2022-05-14'),
(311, 'FCS-AM-1339-19', 'ສາຍເງິນ', 'ເລືອງລືໄຊ', 'Saturday', 'wireless communication system', '401', 'HCS6A', 'ເຊົ້າ', '2021-2022', '08:45:00', NULL, 0, 1, '2022-05-14'),
(312, 'FCS-AM-1348-19', 'ພຣະ ພູວັນ', 'ສີຫາວົງ', 'Saturday', 'wireless communication system', '401', 'HCS6A', 'ເຊົ້າ', '2021-2022', '08:45:00', NULL, 0, 1, '2022-05-14'),
(313, 'FCS-AM-1419-19', 'ໄຊຍະລາດ ', 'ເຄນສຸລິນ', 'Saturday', 'wireless communication system', '401', 'HCS6A', 'ເຊົ້າ', '2021-2022', '08:45:00', NULL, 0, 1, '2022-05-14'),
(314, 'FCS-AM-1329-19', 'ກອງມະນີ', 'ອຸດົມເພັດ', 'Saturday', 'wireless communication system', '401', 'HCS6A', 'ເຊົ້າ', '2021-2022', NULL, NULL, 1, 1, '2022-05-21'),
(315, 'FCS-AM-1339-19', 'ສາຍເງິນ', 'ເລືອງລືໄຊ', 'Saturday', 'wireless communication system', '401', 'HCS6A', 'ເຊົ້າ', '2021-2022', NULL, NULL, 1, 1, '2022-05-21'),
(316, 'FCS-AM-1348-19', 'ພຣະ ພູວັນ', 'ສີຫາວົງ', 'Saturday', 'wireless communication system', '401', 'HCS6A', 'ເຊົ້າ', '2021-2022', NULL, NULL, 1, 1, '2022-05-21'),
(317, 'FCS-AM-1419-19', 'ໄຊຍະລາດ ', 'ເຄນສຸລິນ', 'Saturday', 'wireless communication system', '401', 'HCS6A', 'ເຊົ້າ', '2021-2022', NULL, NULL, 1, 1, '2022-05-21'),
(318, 'FCS-AM-1329-19', 'ກອງມະນີ', 'ອຸດົມເພັດ', 'Saturday', 'wireless communication system', '401', 'HCS6A', 'ເຊົ້າ', '2021-2022', NULL, NULL, 1, 1, '2022-05-28'),
(319, 'FCS-AM-1339-19', 'ສາຍເງິນ', 'ເລືອງລືໄຊ', 'Saturday', 'wireless communication system', '401', 'HCS6A', 'ເຊົ້າ', '2021-2022', NULL, NULL, 1, 1, '2022-05-28'),
(320, 'FCS-AM-1348-19', 'ພຣະ ພູວັນ', 'ສີຫາວົງ', 'Saturday', 'wireless communication system', '401', 'HCS6A', 'ເຊົ້າ', '2021-2022', NULL, NULL, 1, 1, '2022-05-28'),
(321, 'FCS-AM-1419-19', 'ໄຊຍະລາດ ', 'ເຄນສຸລິນ', 'Saturday', 'wireless communication system', '401', 'HCS6A', 'ເຊົ້າ', '2021-2022', NULL, NULL, 1, 1, '2022-05-28'),
(322, 'FCS-AM-1329-19', 'ກອງມະນີ', 'ອຸດົມເພັດ', 'Saturday', 'wireless communication system', '401', 'HCS6A', 'ເຊົ້າ', '2021-2022', NULL, NULL, 1, 1, '2022-06-04'),
(323, 'FCS-AM-1339-19', 'ສາຍເງິນ', 'ເລືອງລືໄຊ', 'Saturday', 'wireless communication system', '401', 'HCS6A', 'ເຊົ້າ', '2021-2022', NULL, NULL, 1, 1, '2022-06-04'),
(324, 'FCS-AM-1348-19', 'ພຣະ ພູວັນ', 'ສີຫາວົງ', 'Saturday', 'wireless communication system', '401', 'HCS6A', 'ເຊົ້າ', '2021-2022', NULL, NULL, 1, 1, '2022-06-04'),
(325, 'FCS-AM-1419-19', 'ໄຊຍະລາດ ', 'ເຄນສຸລິນ', 'Saturday', 'wireless communication system', '401', 'HCS6A', 'ເຊົ້າ', '2021-2022', NULL, NULL, 1, 1, '2022-06-04'),
(326, 'FCS-AM-1329-19', 'ກອງມະນີ', 'ອຸດົມເພັດ', 'Saturday', 'wireless communication system', '401', 'HCS6A', 'ເຊົ້າ', '2021-2022', '08:20:00', '11:45:00', 0, 0, '2022-06-11'),
(327, 'FCS-AM-1339-19', 'ສາຍເງິນ', 'ເລືອງລືໄຊ', 'Saturday', 'wireless communication system', '401', 'HCS6A', 'ເຊົ້າ', '2021-2022', '08:20:00', '11:45:00', 0, 0, '2022-06-11'),
(328, 'FCS-AM-1348-19', 'ພຣະ ພູວັນ', 'ສີຫາວົງ', 'Saturday', 'wireless communication system', '401', 'HCS6A', 'ເຊົ້າ', '2021-2022', '08:20:00', '11:45:00', 0, 0, '2022-06-11'),
(329, 'FCS-AM-1419-19', 'ໄຊຍະລາດ ', 'ເຄນສຸລິນ', 'Saturday', 'wireless communication system', '401', 'HCS6A', 'ເຊົ້າ', '2021-2022', '08:20:00', '11:45:00', 0, 0, '2022-06-11'),
(330, 'FCS-AM-1329-19', 'ກອງມະນີ', 'ອຸດົມເພັດ', 'Saturday', 'wireless communication system', '401', 'HCS6A', 'ເຊົ້າ', '2021-2022', '08:45:00', NULL, 0, 1, '2022-06-18'),
(331, 'FCS-AM-1339-19', 'ສາຍເງິນ', 'ເລືອງລືໄຊ', 'Saturday', 'wireless communication system', '401', 'HCS6A', 'ເຊົ້າ', '2021-2022', '08:45:00', NULL, 0, 1, '2022-06-18'),
(332, 'FCS-AM-1348-19', 'ພຣະ ພູວັນ', 'ສີຫາວົງ', 'Saturday', 'wireless communication system', '401', 'HCS6A', 'ເຊົ້າ', '2021-2022', '08:45:00', NULL, 0, 1, '2022-06-18'),
(333, 'FCS-AM-1419-19', 'ໄຊຍະລາດ ', 'ເຄນສຸລິນ', 'Saturday', 'wireless communication system', '401', 'HCS6A', 'ເຊົ້າ', '2021-2022', '08:45:00', NULL, 0, 1, '2022-06-18'),
(334, 'FCS-AM-1329-19', 'ກອງມະນີ', 'ອຸດົມເພັດ', 'Saturday', 'wireless communication system', '401', 'HCS6A', 'ເຊົ້າ', '2021-2022', '08:20:00', '11:45:00', 0, 0, '2022-06-25'),
(335, 'FCS-AM-1339-19', 'ສາຍເງິນ', 'ເລືອງລືໄຊ', 'Saturday', 'wireless communication system', '401', 'HCS6A', 'ເຊົ້າ', '2021-2022', '08:20:00', '11:45:00', 0, 0, '2022-06-25'),
(336, 'FCS-AM-1348-19', 'ພຣະ ພູວັນ', 'ສີຫາວົງ', 'Saturday', 'wireless communication system', '401', 'HCS6A', 'ເຊົ້າ', '2021-2022', '08:20:00', '11:45:00', 0, 0, '2022-06-25'),
(337, 'FCS-AM-1419-19', 'ໄຊຍະລາດ ', 'ເຄນສຸລິນ', 'Saturday', 'wireless communication system', '401', 'HCS6A', 'ເຊົ້າ', '2021-2022', '08:20:00', '11:45:00', 0, 0, '2022-06-25'),
(338, 'FCS-AM-1345-19', 'ຕາວັນ', 'ລາດຊະຈັນ', 'Monday', 'linux system administration', '309', 'HCS6B', 'ເຊົ້າ', '2021-2022', NULL, NULL, 1, 1, '2022-05-02'),
(339, 'FCS-AM-1354-19', 'ວັນປະເສີດ ', 'ໄຊຍະທຳ', 'Monday', 'linux system administration', '309', 'HCS6B', 'ເຊົ້າ', '2021-2022', NULL, NULL, 1, 1, '2022-05-02'),
(340, 'FCS-AM-1359-19', 'ພິ​ມົນ', 'ສຸດ​ທິ​ປະ​ພາ', 'Monday', 'linux system administration', '309', 'HCS6B', 'ເຊົ້າ', '2021-2022', NULL, NULL, 1, 1, '2022-05-02'),
(341, 'FCS-AM-1423-19', 'ຕ​ອັກ​ກີ່ ', 'ໄຊ​ຍະ​ກອນ', 'Monday', 'linux system administration', '309', 'HCS6B', 'ເຊົ້າ', '2021-2022', NULL, NULL, 1, 1, '2022-05-02'),
(342, 'FCS-AM-1345-19', 'ຕາວັນ', 'ລາດຊະຈັນ', 'Monday', 'linux system administration', '309', 'HCS6B', 'ເຊົ້າ', '2021-2022', NULL, '11:50:00', 1, 0, '2022-05-09'),
(343, 'FCS-AM-1354-19', 'ວັນປະເສີດ ', 'ໄຊຍະທຳ', 'Monday', 'linux system administration', '309', 'HCS6B', 'ເຊົ້າ', '2021-2022', NULL, '11:50:00', 1, 0, '2022-05-09'),
(344, 'FCS-AM-1359-19', 'ພິ​ມົນ', 'ສຸດ​ທິ​ປະ​ພາ', 'Monday', 'linux system administration', '309', 'HCS6B', 'ເຊົ້າ', '2021-2022', NULL, '11:50:00', 1, 0, '2022-05-09'),
(345, 'FCS-AM-1423-19', 'ຕ​ອັກ​ກີ່ ', 'ໄຊ​ຍະ​ກອນ', 'Monday', 'linux system administration', '309', 'HCS6B', 'ເຊົ້າ', '2021-2022', NULL, '11:50:00', 1, 0, '2022-05-09'),
(346, 'FCS-AM-1345-19', 'ຕາວັນ', 'ລາດຊະຈັນ', 'Monday', 'linux system administration', '309', 'HCS6B', 'ເຊົ້າ', '2021-2022', '08:20:00', '11:45:00', 0, 0, '2022-05-16'),
(347, 'FCS-AM-1354-19', 'ວັນປະເສີດ ', 'ໄຊຍະທຳ', 'Monday', 'linux system administration', '309', 'HCS6B', 'ເຊົ້າ', '2021-2022', '08:20:00', '11:45:00', 0, 0, '2022-05-16'),
(348, 'FCS-AM-1359-19', 'ພິ​ມົນ', 'ສຸດ​ທິ​ປະ​ພາ', 'Monday', 'linux system administration', '309', 'HCS6B', 'ເຊົ້າ', '2021-2022', '08:20:00', '11:45:00', 0, 0, '2022-05-16'),
(349, 'FCS-AM-1423-19', 'ຕ​ອັກ​ກີ່ ', 'ໄຊ​ຍະ​ກອນ', 'Monday', 'linux system administration', '309', 'HCS6B', 'ເຊົ້າ', '2021-2022', '08:20:00', '11:45:00', 0, 0, '2022-05-16'),
(350, 'FCS-AM-1345-19', 'ຕາວັນ', 'ລາດຊະຈັນ', 'Monday', 'linux system administration', '309', 'HCS6B', 'ເຊົ້າ', '2021-2022', '08:45:00', NULL, 0, 1, '2022-05-23'),
(351, 'FCS-AM-1354-19', 'ວັນປະເສີດ ', 'ໄຊຍະທຳ', 'Monday', 'linux system administration', '309', 'HCS6B', 'ເຊົ້າ', '2021-2022', '08:45:00', NULL, 0, 1, '2022-05-23'),
(352, 'FCS-AM-1359-19', 'ພິ​ມົນ', 'ສຸດ​ທິ​ປະ​ພາ', 'Monday', 'linux system administration', '309', 'HCS6B', 'ເຊົ້າ', '2021-2022', '08:45:00', NULL, 0, 1, '2022-05-23'),
(353, 'FCS-AM-1423-19', 'ຕ​ອັກ​ກີ່ ', 'ໄຊ​ຍະ​ກອນ', 'Monday', 'linux system administration', '309', 'HCS6B', 'ເຊົ້າ', '2021-2022', '08:45:00', NULL, 0, 1, '2022-05-23'),
(354, 'FCS-AM-1345-19', 'ຕາວັນ', 'ລາດຊະຈັນ', 'Monday', 'linux system administration', '309', 'HCS6B', 'ເຊົ້າ', '2021-2022', '08:45:00', NULL, 0, 1, '2022-05-30'),
(355, 'FCS-AM-1354-19', 'ວັນປະເສີດ ', 'ໄຊຍະທຳ', 'Monday', 'linux system administration', '309', 'HCS6B', 'ເຊົ້າ', '2021-2022', '08:45:00', NULL, 0, 1, '2022-05-30'),
(356, 'FCS-AM-1359-19', 'ພິ​ມົນ', 'ສຸດ​ທິ​ປະ​ພາ', 'Monday', 'linux system administration', '309', 'HCS6B', 'ເຊົ້າ', '2021-2022', '08:45:00', NULL, 0, 1, '2022-05-30'),
(357, 'FCS-AM-1423-19', 'ຕ​ອັກ​ກີ່ ', 'ໄຊ​ຍະ​ກອນ', 'Monday', 'linux system administration', '309', 'HCS6B', 'ເຊົ້າ', '2021-2022', '08:45:00', NULL, 0, 1, '2022-05-30'),
(358, 'FCS-AM-1345-19', 'ຕາວັນ', 'ລາດຊະຈັນ', 'Monday', 'linux system administration', '309', 'HCS6B', 'ເຊົ້າ', '2021-2022', '08:20:00', '11:45:00', 0, 0, '2022-06-06'),
(359, 'FCS-AM-1354-19', 'ວັນປະເສີດ ', 'ໄຊຍະທຳ', 'Monday', 'linux system administration', '309', 'HCS6B', 'ເຊົ້າ', '2021-2022', '08:20:00', '11:45:00', 0, 0, '2022-06-06'),
(360, 'FCS-AM-1359-19', 'ພິ​ມົນ', 'ສຸດ​ທິ​ປະ​ພາ', 'Monday', 'linux system administration', '309', 'HCS6B', 'ເຊົ້າ', '2021-2022', '08:20:00', '11:45:00', 0, 0, '2022-06-06'),
(361, 'FCS-AM-1423-19', 'ຕ​ອັກ​ກີ່ ', 'ໄຊ​ຍະ​ກອນ', 'Monday', 'linux system administration', '309', 'HCS6B', 'ເຊົ້າ', '2021-2022', '08:20:00', '11:45:00', 0, 0, '2022-06-06'),
(362, 'FCS-AM-1345-19', 'ຕາວັນ', 'ລາດຊະຈັນ', 'Monday', 'linux system administration', '309', 'HCS6B', 'ເຊົ້າ', '2021-2022', NULL, '11:50:00', 1, 0, '2022-06-13'),
(363, 'FCS-AM-1354-19', 'ວັນປະເສີດ ', 'ໄຊຍະທຳ', 'Monday', 'linux system administration', '309', 'HCS6B', 'ເຊົ້າ', '2021-2022', NULL, '11:50:00', 1, 0, '2022-06-13'),
(364, 'FCS-AM-1359-19', 'ພິ​ມົນ', 'ສຸດ​ທິ​ປະ​ພາ', 'Monday', 'linux system administration', '309', 'HCS6B', 'ເຊົ້າ', '2021-2022', NULL, '11:50:00', 1, 0, '2022-06-13'),
(365, 'FCS-AM-1423-19', 'ຕ​ອັກ​ກີ່ ', 'ໄຊ​ຍະ​ກອນ', 'Monday', 'linux system administration', '309', 'HCS6B', 'ເຊົ້າ', '2021-2022', NULL, '11:50:00', 1, 0, '2022-06-13'),
(366, 'FCS-AM-1345-19', 'ຕາວັນ', 'ລາດຊະຈັນ', 'Monday', 'linux system administration', '309', 'HCS6B', 'ເຊົ້າ', '2021-2022', NULL, '11:50:00', 1, 0, '2022-06-20'),
(367, 'FCS-AM-1345-19', 'ຕາວັນ', 'ລາດຊະຈັນ', 'Monday', 'linux system administration', '309', 'HCS6B', 'ເຊົ້າ', '2021-2022', NULL, NULL, 1, 1, '2022-05-02'),
(368, 'FCS-AM-1354-19', 'ວັນປະເສີດ ', 'ໄຊຍະທຳ', 'Monday', 'linux system administration', '309', 'HCS6B', 'ເຊົ້າ', '2021-2022', NULL, NULL, 1, 1, '2022-05-02'),
(369, 'FCS-AM-1359-19', 'ພິ​ມົນ', 'ສຸດ​ທິ​ປະ​ພາ', 'Monday', 'linux system administration', '309', 'HCS6B', 'ເຊົ້າ', '2021-2022', NULL, NULL, 1, 1, '2022-05-02'),
(370, 'FCS-AM-1423-19', 'ຕ​ອັກ​ກີ່ ', 'ໄຊ​ຍະ​ກອນ', 'Monday', 'linux system administration', '309', 'HCS6B', 'ເຊົ້າ', '2021-2022', NULL, NULL, 1, 1, '2022-05-02'),
(371, 'FCS-AM-1345-19', 'ຕາວັນ', 'ລາດຊະຈັນ', 'Monday', 'linux system administration', '309', 'HCS6B', 'ເຊົ້າ', '2021-2022', NULL, '11:50:00', 1, 0, '2022-05-09'),
(372, 'FCS-AM-1354-19', 'ວັນປະເສີດ ', 'ໄຊຍະທຳ', 'Monday', 'linux system administration', '309', 'HCS6B', 'ເຊົ້າ', '2021-2022', NULL, '11:50:00', 1, 0, '2022-05-09'),
(373, 'FCS-AM-1359-19', 'ພິ​ມົນ', 'ສຸດ​ທິ​ປະ​ພາ', 'Monday', 'linux system administration', '309', 'HCS6B', 'ເຊົ້າ', '2021-2022', NULL, '11:50:00', 1, 0, '2022-05-09'),
(374, 'FCS-AM-1423-19', 'ຕ​ອັກ​ກີ່ ', 'ໄຊ​ຍະ​ກອນ', 'Monday', 'linux system administration', '309', 'HCS6B', 'ເຊົ້າ', '2021-2022', NULL, '11:50:00', 1, 0, '2022-05-09'),
(375, 'FCS-AM-1345-19', 'ຕາວັນ', 'ລາດຊະຈັນ', 'Monday', 'linux system administration', '309', 'HCS6B', 'ເຊົ້າ', '2021-2022', '08:20:00', '11:45:00', 0, 0, '2022-05-16'),
(376, 'FCS-AM-1354-19', 'ວັນປະເສີດ ', 'ໄຊຍະທຳ', 'Monday', 'linux system administration', '309', 'HCS6B', 'ເຊົ້າ', '2021-2022', '08:20:00', '11:45:00', 0, 0, '2022-05-16'),
(377, 'FCS-AM-1359-19', 'ພິ​ມົນ', 'ສຸດ​ທິ​ປະ​ພາ', 'Monday', 'linux system administration', '309', 'HCS6B', 'ເຊົ້າ', '2021-2022', '08:20:00', '11:45:00', 0, 0, '2022-05-16'),
(378, 'FCS-AM-1423-19', 'ຕ​ອັກ​ກີ່ ', 'ໄຊ​ຍະ​ກອນ', 'Monday', 'linux system administration', '309', 'HCS6B', 'ເຊົ້າ', '2021-2022', '08:20:00', '11:45:00', 0, 0, '2022-05-16'),
(379, 'FCS-AM-1345-19', 'ຕາວັນ', 'ລາດຊະຈັນ', 'Monday', 'linux system administration', '309', 'HCS6B', 'ເຊົ້າ', '2021-2022', '08:45:00', NULL, 0, 1, '2022-05-23'),
(380, 'FCS-AM-1354-19', 'ວັນປະເສີດ ', 'ໄຊຍະທຳ', 'Monday', 'linux system administration', '309', 'HCS6B', 'ເຊົ້າ', '2021-2022', '08:45:00', NULL, 0, 1, '2022-05-23'),
(381, 'FCS-AM-1359-19', 'ພິ​ມົນ', 'ສຸດ​ທິ​ປະ​ພາ', 'Monday', 'linux system administration', '309', 'HCS6B', 'ເຊົ້າ', '2021-2022', '08:45:00', NULL, 0, 1, '2022-05-23'),
(382, 'FCS-AM-1423-19', 'ຕ​ອັກ​ກີ່ ', 'ໄຊ​ຍະ​ກອນ', 'Monday', 'linux system administration', '309', 'HCS6B', 'ເຊົ້າ', '2021-2022', '08:45:00', NULL, 0, 1, '2022-05-23'),
(383, 'FCS-AM-1345-19', 'ຕາວັນ', 'ລາດຊະຈັນ', 'Monday', 'linux system administration', '309', 'HCS6B', 'ເຊົ້າ', '2021-2022', '08:45:00', NULL, 0, 1, '2022-05-30'),
(384, 'FCS-AM-1354-19', 'ວັນປະເສີດ ', 'ໄຊຍະທຳ', 'Monday', 'linux system administration', '309', 'HCS6B', 'ເຊົ້າ', '2021-2022', '08:45:00', NULL, 0, 1, '2022-05-30'),
(385, 'FCS-AM-1359-19', 'ພິ​ມົນ', 'ສຸດ​ທິ​ປະ​ພາ', 'Monday', 'linux system administration', '309', 'HCS6B', 'ເຊົ້າ', '2021-2022', '08:45:00', NULL, 0, 1, '2022-05-30'),
(386, 'FCS-AM-1423-19', 'ຕ​ອັກ​ກີ່ ', 'ໄຊ​ຍະ​ກອນ', 'Monday', 'linux system administration', '309', 'HCS6B', 'ເຊົ້າ', '2021-2022', '08:45:00', NULL, 0, 1, '2022-05-30'),
(387, 'FCS-AM-1345-19', 'ຕາວັນ', 'ລາດຊະຈັນ', 'Monday', 'linux system administration', '309', 'HCS6B', 'ເຊົ້າ', '2021-2022', '08:20:00', '11:45:00', 0, 0, '2022-06-06'),
(388, 'FCS-AM-1354-19', 'ວັນປະເສີດ ', 'ໄຊຍະທຳ', 'Monday', 'linux system administration', '309', 'HCS6B', 'ເຊົ້າ', '2021-2022', '08:20:00', '11:45:00', 0, 0, '2022-06-06'),
(389, 'FCS-AM-1359-19', 'ພິ​ມົນ', 'ສຸດ​ທິ​ປະ​ພາ', 'Monday', 'linux system administration', '309', 'HCS6B', 'ເຊົ້າ', '2021-2022', '08:20:00', '11:45:00', 0, 0, '2022-06-06'),
(390, 'FCS-AM-1423-19', 'ຕ​ອັກ​ກີ່ ', 'ໄຊ​ຍະ​ກອນ', 'Monday', 'linux system administration', '309', 'HCS6B', 'ເຊົ້າ', '2021-2022', '08:20:00', '11:45:00', 0, 0, '2022-06-06'),
(391, 'FCS-AM-1345-19', 'ຕາວັນ', 'ລາດຊະຈັນ', 'Monday', 'linux system administration', '309', 'HCS6B', 'ເຊົ້າ', '2021-2022', NULL, '11:50:00', 1, 0, '2022-06-13'),
(392, 'FCS-AM-1354-19', 'ວັນປະເສີດ ', 'ໄຊຍະທຳ', 'Monday', 'linux system administration', '309', 'HCS6B', 'ເຊົ້າ', '2021-2022', NULL, '11:50:00', 1, 0, '2022-06-13'),
(393, 'FCS-AM-1359-19', 'ພິ​ມົນ', 'ສຸດ​ທິ​ປະ​ພາ', 'Monday', 'linux system administration', '309', 'HCS6B', 'ເຊົ້າ', '2021-2022', NULL, '11:50:00', 1, 0, '2022-06-13'),
(394, 'FCS-AM-1423-19', 'ຕ​ອັກ​ກີ່ ', 'ໄຊ​ຍະ​ກອນ', 'Monday', 'linux system administration', '309', 'HCS6B', 'ເຊົ້າ', '2021-2022', NULL, '11:50:00', 1, 0, '2022-06-13'),
(395, 'FCS-AM-1345-19', 'ຕາວັນ', 'ລາດຊະຈັນ', 'Monday', 'linux system administration', '309', 'HCS6B', 'ເຊົ້າ', '2021-2022', NULL, '11:50:00', 1, 0, '2022-06-20'),
(396, 'FCS-AM-1354-19', 'ວັນປະເສີດ ', 'ໄຊຍະທຳ', 'Monday', 'linux system administration', '309', 'HCS6B', 'ເຊົ້າ', '2021-2022', NULL, '11:50:00', 1, 0, '2022-06-20'),
(397, 'FCS-AM-1359-19', 'ພິ​ມົນ', 'ສຸດ​ທິ​ປະ​ພາ', 'Monday', 'linux system administration', '309', 'HCS6B', 'ເຊົ້າ', '2021-2022', NULL, '11:50:00', 1, 0, '2022-06-20'),
(398, 'FCS-AM-1423-19', 'ຕ​ອັກ​ກີ່ ', 'ໄຊ​ຍະ​ກອນ', 'Monday', 'linux system administration', '309', 'HCS6B', 'ເຊົ້າ', '2021-2022', NULL, '11:50:00', 1, 0, '2022-06-20'),
(399, 'FCS-AM-1345-19', 'ຕາວັນ', 'ລາດຊະຈັນ', 'Monday', 'linux system administration', '309', 'HCS6B', 'ເຊົ້າ', '2021-2022', '08:45:00', NULL, 0, 1, '2022-06-27'),
(400, 'FCS-AM-1354-19', 'ວັນປະເສີດ ', 'ໄຊຍະທຳ', 'Monday', 'linux system administration', '309', 'HCS6B', 'ເຊົ້າ', '2021-2022', '08:45:00', NULL, 0, 1, '2022-06-27'),
(401, 'FCS-AM-1359-19', 'ພິ​ມົນ', 'ສຸດ​ທິ​ປະ​ພາ', 'Monday', 'linux system administration', '309', 'HCS6B', 'ເຊົ້າ', '2021-2022', '08:45:00', NULL, 0, 1, '2022-06-27'),
(402, 'FCS-AM-1423-19', 'ຕ​ອັກ​ກີ່ ', 'ໄຊ​ຍະ​ກອນ', 'Monday', 'linux system administration', '309', 'HCS6B', 'ເຊົ້າ', '2021-2022', '08:45:00', NULL, 0, 1, '2022-06-27'),
(403, 'FCS-AM-1345-19', 'ຕາວັນ', 'ລາດຊະຈັນ', 'Tuesday', 'Digital Image processing', '308', 'HCS6B', 'ເຊົ້າ', '2021-2022', NULL, NULL, 1, 1, '2022-05-03'),
(404, 'FCS-AM-1354-19', 'ວັນປະເສີດ ', 'ໄຊຍະທຳ', 'Tuesday', 'Digital Image processing', '308', 'HCS6B', 'ເຊົ້າ', '2021-2022', NULL, NULL, 1, 1, '2022-05-03'),
(405, 'FCS-AM-1359-19', 'ພິ​ມົນ', 'ສຸດ​ທິ​ປະ​ພາ', 'Tuesday', 'Digital Image processing', '308', 'HCS6B', 'ເຊົ້າ', '2021-2022', NULL, NULL, 1, 1, '2022-05-03'),
(406, 'FCS-AM-1423-19', 'ຕ​ອັກ​ກີ່ ', 'ໄຊ​ຍະ​ກອນ', 'Tuesday', 'Digital Image processing', '308', 'HCS6B', 'ເຊົ້າ', '2021-2022', NULL, NULL, 1, 1, '2022-05-03'),
(407, 'FCS-AM-1345-19', 'ຕາວັນ', 'ລາດຊະຈັນ', 'Tuesday', 'Digital Image processing', '308', 'HCS6B', 'ເຊົ້າ', '2021-2022', NULL, '11:50:00', 1, 0, '2022-05-10'),
(408, 'FCS-AM-1354-19', 'ວັນປະເສີດ ', 'ໄຊຍະທຳ', 'Tuesday', 'Digital Image processing', '308', 'HCS6B', 'ເຊົ້າ', '2021-2022', NULL, '11:50:00', 1, 0, '2022-05-10'),
(409, 'FCS-AM-1359-19', 'ພິ​ມົນ', 'ສຸດ​ທິ​ປະ​ພາ', 'Tuesday', 'Digital Image processing', '308', 'HCS6B', 'ເຊົ້າ', '2021-2022', NULL, '11:50:00', 1, 0, '2022-05-10'),
(410, 'FCS-AM-1423-19', 'ຕ​ອັກ​ກີ່ ', 'ໄຊ​ຍະ​ກອນ', 'Tuesday', 'Digital Image processing', '308', 'HCS6B', 'ເຊົ້າ', '2021-2022', NULL, '11:50:00', 1, 0, '2022-05-10'),
(411, 'FCS-AM-1345-19', 'ຕາວັນ', 'ລາດຊະຈັນ', 'Tuesday', 'Digital Image processing', '308', 'HCS6B', 'ເຊົ້າ', '2021-2022', NULL, '11:50:00', 1, 0, '2022-05-17'),
(412, 'FCS-AM-1354-19', 'ວັນປະເສີດ ', 'ໄຊຍະທຳ', 'Tuesday', 'Digital Image processing', '308', 'HCS6B', 'ເຊົ້າ', '2021-2022', NULL, '11:50:00', 1, 0, '2022-05-17'),
(413, 'FCS-AM-1359-19', 'ພິ​ມົນ', 'ສຸດ​ທິ​ປະ​ພາ', 'Tuesday', 'Digital Image processing', '308', 'HCS6B', 'ເຊົ້າ', '2021-2022', NULL, '11:50:00', 1, 0, '2022-05-17'),
(414, 'FCS-AM-1423-19', 'ຕ​ອັກ​ກີ່ ', 'ໄຊ​ຍະ​ກອນ', 'Tuesday', 'Digital Image processing', '308', 'HCS6B', 'ເຊົ້າ', '2021-2022', NULL, '11:50:00', 1, 0, '2022-05-17'),
(415, 'FCS-AM-1345-19', 'ຕາວັນ', 'ລາດຊະຈັນ', 'Tuesday', 'Digital Image processing', '308', 'HCS6B', 'ເຊົ້າ', '2021-2022', '08:20:00', '11:45:00', 0, 0, '2022-05-24'),
(416, 'FCS-AM-1354-19', 'ວັນປະເສີດ ', 'ໄຊຍະທຳ', 'Tuesday', 'Digital Image processing', '308', 'HCS6B', 'ເຊົ້າ', '2021-2022', '08:20:00', '11:45:00', 0, 0, '2022-05-24'),
(417, 'FCS-AM-1359-19', 'ພິ​ມົນ', 'ສຸດ​ທິ​ປະ​ພາ', 'Tuesday', 'Digital Image processing', '308', 'HCS6B', 'ເຊົ້າ', '2021-2022', '08:20:00', '11:45:00', 0, 0, '2022-05-24'),
(418, 'FCS-AM-1423-19', 'ຕ​ອັກ​ກີ່ ', 'ໄຊ​ຍະ​ກອນ', 'Tuesday', 'Digital Image processing', '308', 'HCS6B', 'ເຊົ້າ', '2021-2022', '08:20:00', '11:45:00', 0, 0, '2022-05-24'),
(419, 'FCS-AM-1345-19', 'ຕາວັນ', 'ລາດຊະຈັນ', 'Tuesday', 'Digital Image processing', '308', 'HCS6B', 'ເຊົ້າ', '2021-2022', '08:45:00', NULL, 0, 1, '2022-05-31'),
(420, 'FCS-AM-1354-19', 'ວັນປະເສີດ ', 'ໄຊຍະທຳ', 'Tuesday', 'Digital Image processing', '308', 'HCS6B', 'ເຊົ້າ', '2021-2022', '08:45:00', NULL, 0, 1, '2022-05-31'),
(421, 'FCS-AM-1359-19', 'ພິ​ມົນ', 'ສຸດ​ທິ​ປະ​ພາ', 'Tuesday', 'Digital Image processing', '308', 'HCS6B', 'ເຊົ້າ', '2021-2022', '08:45:00', NULL, 0, 1, '2022-05-31'),
(422, 'FCS-AM-1423-19', 'ຕ​ອັກ​ກີ່ ', 'ໄຊ​ຍະ​ກອນ', 'Tuesday', 'Digital Image processing', '308', 'HCS6B', 'ເຊົ້າ', '2021-2022', '08:45:00', NULL, 0, 1, '2022-05-31'),
(423, 'FCS-AM-1345-19', 'ຕາວັນ', 'ລາດຊະຈັນ', 'Tuesday', 'Digital Image processing', '308', 'HCS6B', 'ເຊົ້າ', '2021-2022', '08:20:00', '11:45:00', 0, 0, '2022-06-07'),
(424, 'FCS-AM-1354-19', 'ວັນປະເສີດ ', 'ໄຊຍະທຳ', 'Tuesday', 'Digital Image processing', '308', 'HCS6B', 'ເຊົ້າ', '2021-2022', '08:20:00', '11:45:00', 0, 0, '2022-06-07'),
(425, 'FCS-AM-1359-19', 'ພິ​ມົນ', 'ສຸດ​ທິ​ປະ​ພາ', 'Tuesday', 'Digital Image processing', '308', 'HCS6B', 'ເຊົ້າ', '2021-2022', '08:20:00', '11:45:00', 0, 0, '2022-06-07'),
(426, 'FCS-AM-1423-19', 'ຕ​ອັກ​ກີ່ ', 'ໄຊ​ຍະ​ກອນ', 'Tuesday', 'Digital Image processing', '308', 'HCS6B', 'ເຊົ້າ', '2021-2022', '08:20:00', '11:45:00', 0, 0, '2022-06-07'),
(427, 'FCS-AM-1345-19', 'ຕາວັນ', 'ລາດຊະຈັນ', 'Tuesday', 'Digital Image processing', '308', 'HCS6B', 'ເຊົ້າ', '2021-2022', NULL, NULL, 1, 1, '2022-06-14'),
(428, 'FCS-AM-1354-19', 'ວັນປະເສີດ ', 'ໄຊຍະທຳ', 'Tuesday', 'Digital Image processing', '308', 'HCS6B', 'ເຊົ້າ', '2021-2022', NULL, NULL, 1, 1, '2022-06-14'),
(429, 'FCS-AM-1359-19', 'ພິ​ມົນ', 'ສຸດ​ທິ​ປະ​ພາ', 'Tuesday', 'Digital Image processing', '308', 'HCS6B', 'ເຊົ້າ', '2021-2022', NULL, NULL, 1, 1, '2022-06-14'),
(430, 'FCS-AM-1423-19', 'ຕ​ອັກ​ກີ່ ', 'ໄຊ​ຍະ​ກອນ', 'Tuesday', 'Digital Image processing', '308', 'HCS6B', 'ເຊົ້າ', '2021-2022', NULL, NULL, 1, 1, '2022-06-14'),
(431, 'FCS-AM-1345-19', 'ຕາວັນ', 'ລາດຊະຈັນ', 'Tuesday', 'Digital Image processing', '308', 'HCS6B', 'ເຊົ້າ', '2021-2022', '08:45:00', NULL, 0, 1, '2022-06-21'),
(432, 'FCS-AM-1354-19', 'ວັນປະເສີດ ', 'ໄຊຍະທຳ', 'Tuesday', 'Digital Image processing', '308', 'HCS6B', 'ເຊົ້າ', '2021-2022', '08:45:00', NULL, 0, 1, '2022-06-21'),
(433, 'FCS-AM-1359-19', 'ພິ​ມົນ', 'ສຸດ​ທິ​ປະ​ພາ', 'Tuesday', 'Digital Image processing', '308', 'HCS6B', 'ເຊົ້າ', '2021-2022', '08:45:00', NULL, 0, 1, '2022-06-21'),
(434, 'FCS-AM-1345-19', 'ຕາວັນ', 'ລາດຊະຈັນ', 'Tuesday', 'Digital Image processing', '308', 'HCS6B', 'ເຊົ້າ', '2021-2022', NULL, NULL, 1, 1, '2022-05-03'),
(435, 'FCS-AM-1354-19', 'ວັນປະເສີດ ', 'ໄຊຍະທຳ', 'Tuesday', 'Digital Image processing', '308', 'HCS6B', 'ເຊົ້າ', '2021-2022', NULL, NULL, 1, 1, '2022-05-03');
INSERT INTO `tb_attandance` (`a_Id`, `st_Id`, `Name`, `Surname`, `d_Name`, `s_Name`, `r_Name`, `cl_Name`, `sc_Period`, `sc_Year`, `time_In`, `time_Out`, `first_Absence`, `second_Absence`, `date`) VALUES
(436, 'FCS-AM-1359-19', 'ພິ​ມົນ', 'ສຸດ​ທິ​ປະ​ພາ', 'Tuesday', 'Digital Image processing', '308', 'HCS6B', 'ເຊົ້າ', '2021-2022', NULL, NULL, 1, 1, '2022-05-03'),
(437, 'FCS-AM-1423-19', 'ຕ​ອັກ​ກີ່ ', 'ໄຊ​ຍະ​ກອນ', 'Tuesday', 'Digital Image processing', '308', 'HCS6B', 'ເຊົ້າ', '2021-2022', NULL, NULL, 1, 1, '2022-05-03'),
(438, 'FCS-AM-1345-19', 'ຕາວັນ', 'ລາດຊະຈັນ', 'Tuesday', 'Digital Image processing', '308', 'HCS6B', 'ເຊົ້າ', '2021-2022', NULL, '11:50:00', 1, 0, '2022-05-10'),
(439, 'FCS-AM-1354-19', 'ວັນປະເສີດ ', 'ໄຊຍະທຳ', 'Tuesday', 'Digital Image processing', '308', 'HCS6B', 'ເຊົ້າ', '2021-2022', NULL, '11:50:00', 1, 0, '2022-05-10'),
(440, 'FCS-AM-1359-19', 'ພິ​ມົນ', 'ສຸດ​ທິ​ປະ​ພາ', 'Tuesday', 'Digital Image processing', '308', 'HCS6B', 'ເຊົ້າ', '2021-2022', NULL, '11:50:00', 1, 0, '2022-05-10'),
(441, 'FCS-AM-1423-19', 'ຕ​ອັກ​ກີ່ ', 'ໄຊ​ຍະ​ກອນ', 'Tuesday', 'Digital Image processing', '308', 'HCS6B', 'ເຊົ້າ', '2021-2022', NULL, '11:50:00', 1, 0, '2022-05-10'),
(442, 'FCS-AM-1345-19', 'ຕາວັນ', 'ລາດຊະຈັນ', 'Tuesday', 'Digital Image processing', '308', 'HCS6B', 'ເຊົ້າ', '2021-2022', NULL, '11:50:00', 1, 0, '2022-05-17'),
(443, 'FCS-AM-1354-19', 'ວັນປະເສີດ ', 'ໄຊຍະທຳ', 'Tuesday', 'Digital Image processing', '308', 'HCS6B', 'ເຊົ້າ', '2021-2022', NULL, '11:50:00', 1, 0, '2022-05-17'),
(444, 'FCS-AM-1359-19', 'ພິ​ມົນ', 'ສຸດ​ທິ​ປະ​ພາ', 'Tuesday', 'Digital Image processing', '308', 'HCS6B', 'ເຊົ້າ', '2021-2022', NULL, '11:50:00', 1, 0, '2022-05-17'),
(445, 'FCS-AM-1423-19', 'ຕ​ອັກ​ກີ່ ', 'ໄຊ​ຍະ​ກອນ', 'Tuesday', 'Digital Image processing', '308', 'HCS6B', 'ເຊົ້າ', '2021-2022', NULL, '11:50:00', 1, 0, '2022-05-17'),
(446, 'FCS-AM-1345-19', 'ຕາວັນ', 'ລາດຊະຈັນ', 'Tuesday', 'Digital Image processing', '308', 'HCS6B', 'ເຊົ້າ', '2021-2022', '08:20:00', '11:45:00', 0, 0, '2022-05-24'),
(447, 'FCS-AM-1354-19', 'ວັນປະເສີດ ', 'ໄຊຍະທຳ', 'Tuesday', 'Digital Image processing', '308', 'HCS6B', 'ເຊົ້າ', '2021-2022', '08:20:00', '11:45:00', 0, 0, '2022-05-24'),
(448, 'FCS-AM-1359-19', 'ພິ​ມົນ', 'ສຸດ​ທິ​ປະ​ພາ', 'Tuesday', 'Digital Image processing', '308', 'HCS6B', 'ເຊົ້າ', '2021-2022', '08:20:00', '11:45:00', 0, 0, '2022-05-24'),
(449, 'FCS-AM-1423-19', 'ຕ​ອັກ​ກີ່ ', 'ໄຊ​ຍະ​ກອນ', 'Tuesday', 'Digital Image processing', '308', 'HCS6B', 'ເຊົ້າ', '2021-2022', '08:20:00', '11:45:00', 0, 0, '2022-05-24'),
(450, 'FCS-AM-1345-19', 'ຕາວັນ', 'ລາດຊະຈັນ', 'Tuesday', 'Digital Image processing', '308', 'HCS6B', 'ເຊົ້າ', '2021-2022', '08:45:00', NULL, 0, 1, '2022-05-31'),
(451, 'FCS-AM-1354-19', 'ວັນປະເສີດ ', 'ໄຊຍະທຳ', 'Tuesday', 'Digital Image processing', '308', 'HCS6B', 'ເຊົ້າ', '2021-2022', '08:45:00', NULL, 0, 1, '2022-05-31'),
(452, 'FCS-AM-1359-19', 'ພິ​ມົນ', 'ສຸດ​ທິ​ປະ​ພາ', 'Tuesday', 'Digital Image processing', '308', 'HCS6B', 'ເຊົ້າ', '2021-2022', '08:45:00', NULL, 0, 1, '2022-05-31'),
(453, 'FCS-AM-1423-19', 'ຕ​ອັກ​ກີ່ ', 'ໄຊ​ຍະ​ກອນ', 'Tuesday', 'Digital Image processing', '308', 'HCS6B', 'ເຊົ້າ', '2021-2022', '08:45:00', NULL, 0, 1, '2022-05-31'),
(454, 'FCS-AM-1345-19', 'ຕາວັນ', 'ລາດຊະຈັນ', 'Tuesday', 'Digital Image processing', '308', 'HCS6B', 'ເຊົ້າ', '2021-2022', '08:20:00', '11:45:00', 0, 0, '2022-06-07'),
(455, 'FCS-AM-1354-19', 'ວັນປະເສີດ ', 'ໄຊຍະທຳ', 'Tuesday', 'Digital Image processing', '308', 'HCS6B', 'ເຊົ້າ', '2021-2022', '08:20:00', '11:45:00', 0, 0, '2022-06-07'),
(456, 'FCS-AM-1359-19', 'ພິ​ມົນ', 'ສຸດ​ທິ​ປະ​ພາ', 'Tuesday', 'Digital Image processing', '308', 'HCS6B', 'ເຊົ້າ', '2021-2022', '08:20:00', '11:45:00', 0, 0, '2022-06-07'),
(457, 'FCS-AM-1423-19', 'ຕ​ອັກ​ກີ່ ', 'ໄຊ​ຍະ​ກອນ', 'Tuesday', 'Digital Image processing', '308', 'HCS6B', 'ເຊົ້າ', '2021-2022', '08:20:00', '11:45:00', 0, 0, '2022-06-07'),
(458, 'FCS-AM-1345-19', 'ຕາວັນ', 'ລາດຊະຈັນ', 'Tuesday', 'Digital Image processing', '308', 'HCS6B', 'ເຊົ້າ', '2021-2022', NULL, NULL, 1, 1, '2022-06-14'),
(459, 'FCS-AM-1354-19', 'ວັນປະເສີດ ', 'ໄຊຍະທຳ', 'Tuesday', 'Digital Image processing', '308', 'HCS6B', 'ເຊົ້າ', '2021-2022', NULL, NULL, 1, 1, '2022-06-14'),
(460, 'FCS-AM-1359-19', 'ພິ​ມົນ', 'ສຸດ​ທິ​ປະ​ພາ', 'Tuesday', 'Digital Image processing', '308', 'HCS6B', 'ເຊົ້າ', '2021-2022', NULL, NULL, 1, 1, '2022-06-14'),
(461, 'FCS-AM-1423-19', 'ຕ​ອັກ​ກີ່ ', 'ໄຊ​ຍະ​ກອນ', 'Tuesday', 'Digital Image processing', '308', 'HCS6B', 'ເຊົ້າ', '2021-2022', NULL, NULL, 1, 1, '2022-06-14'),
(462, 'FCS-AM-1345-19', 'ຕາວັນ', 'ລາດຊະຈັນ', 'Tuesday', 'Digital Image processing', '308', 'HCS6B', 'ເຊົ້າ', '2021-2022', '08:45:00', NULL, 0, 1, '2022-06-21'),
(463, 'FCS-AM-1354-19', 'ວັນປະເສີດ ', 'ໄຊຍະທຳ', 'Tuesday', 'Digital Image processing', '308', 'HCS6B', 'ເຊົ້າ', '2021-2022', '08:45:00', NULL, 0, 1, '2022-06-21'),
(464, 'FCS-AM-1359-19', 'ພິ​ມົນ', 'ສຸດ​ທິ​ປະ​ພາ', 'Tuesday', 'Digital Image processing', '308', 'HCS6B', 'ເຊົ້າ', '2021-2022', '08:45:00', NULL, 0, 1, '2022-06-21'),
(465, 'FCS-AM-1423-19', 'ຕ​ອັກ​ກີ່ ', 'ໄຊ​ຍະ​ກອນ', 'Tuesday', 'Digital Image processing', '308', 'HCS6B', 'ເຊົ້າ', '2021-2022', '08:45:00', NULL, 0, 1, '2022-06-21'),
(466, 'FCS-AM-1345-19', 'ຕາວັນ', 'ລາດຊະຈັນ', 'Tuesday', 'Digital Image processing', '308', 'HCS6B', 'ເຊົ້າ', '2021-2022', NULL, '11:50:00', 1, 0, '2022-06-28'),
(467, 'FCS-AM-1354-19', 'ວັນປະເສີດ ', 'ໄຊຍະທຳ', 'Tuesday', 'Digital Image processing', '308', 'HCS6B', 'ເຊົ້າ', '2021-2022', NULL, '11:50:00', 1, 0, '2022-06-28'),
(468, 'FCS-AM-1359-19', 'ພິ​ມົນ', 'ສຸດ​ທິ​ປະ​ພາ', 'Tuesday', 'Digital Image processing', '308', 'HCS6B', 'ເຊົ້າ', '2021-2022', NULL, '11:50:00', 1, 0, '2022-06-28'),
(469, 'FCS-AM-1423-19', 'ຕ​ອັກ​ກີ່ ', 'ໄຊ​ຍະ​ກອນ', 'Tuesday', 'Digital Image processing', '308', 'HCS6B', 'ເຊົ້າ', '2021-2022', NULL, '11:50:00', 1, 0, '2022-06-28'),
(470, 'FCS-AM-1345-19', 'ຕາວັນ', 'ລາດຊະຈັນ', 'Wednesday', 'wireless communication system', '503', 'HCS6B', 'ເຊົ້າ', '2021-2022', '08:20:00', '11:45:00', 0, 0, '2022-05-04'),
(471, 'FCS-AM-1354-19', 'ວັນປະເສີດ ', 'ໄຊຍະທຳ', 'Wednesday', 'wireless communication system', '503', 'HCS6B', 'ເຊົ້າ', '2021-2022', '08:20:00', '11:45:00', 0, 0, '2022-05-04'),
(472, 'FCS-AM-1359-19', 'ພິ​ມົນ', 'ສຸດ​ທິ​ປະ​ພາ', 'Wednesday', 'wireless communication system', '503', 'HCS6B', 'ເຊົ້າ', '2021-2022', '08:20:00', '11:45:00', 0, 0, '2022-05-04'),
(473, 'FCS-AM-1423-19', 'ຕ​ອັກ​ກີ່ ', 'ໄຊ​ຍະ​ກອນ', 'Wednesday', 'wireless communication system', '503', 'HCS6B', 'ເຊົ້າ', '2021-2022', '08:20:00', '11:45:00', 0, 0, '2022-05-04'),
(474, 'FCS-AM-1345-19', 'ຕາວັນ', 'ລາດຊະຈັນ', 'Wednesday', 'wireless communication system', '503', 'HCS6B', 'ເຊົ້າ', '2021-2022', '08:45:00', NULL, 0, 1, '2022-05-11'),
(475, 'FCS-AM-1354-19', 'ວັນປະເສີດ ', 'ໄຊຍະທຳ', 'Wednesday', 'wireless communication system', '503', 'HCS6B', 'ເຊົ້າ', '2021-2022', '08:45:00', NULL, 0, 1, '2022-05-11'),
(476, 'FCS-AM-1359-19', 'ພິ​ມົນ', 'ສຸດ​ທິ​ປະ​ພາ', 'Wednesday', 'wireless communication system', '503', 'HCS6B', 'ເຊົ້າ', '2021-2022', '08:45:00', NULL, 0, 1, '2022-05-11'),
(477, 'FCS-AM-1423-19', 'ຕ​ອັກ​ກີ່ ', 'ໄຊ​ຍະ​ກອນ', 'Wednesday', 'wireless communication system', '503', 'HCS6B', 'ເຊົ້າ', '2021-2022', '08:45:00', NULL, 0, 1, '2022-05-11'),
(478, 'FCS-AM-1345-19', 'ຕາວັນ', 'ລາດຊະຈັນ', 'Wednesday', 'wireless communication system', '503', 'HCS6B', 'ເຊົ້າ', '2021-2022', '08:45:00', NULL, 0, 1, '2022-05-18'),
(479, 'FCS-AM-1354-19', 'ວັນປະເສີດ ', 'ໄຊຍະທຳ', 'Wednesday', 'wireless communication system', '503', 'HCS6B', 'ເຊົ້າ', '2021-2022', '08:45:00', NULL, 0, 1, '2022-05-18'),
(480, 'FCS-AM-1359-19', 'ພິ​ມົນ', 'ສຸດ​ທິ​ປະ​ພາ', 'Wednesday', 'wireless communication system', '503', 'HCS6B', 'ເຊົ້າ', '2021-2022', '08:45:00', NULL, 0, 1, '2022-05-18'),
(481, 'FCS-AM-1423-19', 'ຕ​ອັກ​ກີ່ ', 'ໄຊ​ຍະ​ກອນ', 'Wednesday', 'wireless communication system', '503', 'HCS6B', 'ເຊົ້າ', '2021-2022', '08:45:00', NULL, 0, 1, '2022-05-18'),
(482, 'FCS-AM-1345-19', 'ຕາວັນ', 'ລາດຊະຈັນ', 'Wednesday', 'wireless communication system', '503', 'HCS6B', 'ເຊົ້າ', '2021-2022', '08:45:00', NULL, 0, 1, '2022-05-25'),
(483, 'FCS-AM-1354-19', 'ວັນປະເສີດ ', 'ໄຊຍະທຳ', 'Wednesday', 'wireless communication system', '503', 'HCS6B', 'ເຊົ້າ', '2021-2022', '08:45:00', NULL, 0, 1, '2022-05-25'),
(484, 'FCS-AM-1359-19', 'ພິ​ມົນ', 'ສຸດ​ທິ​ປະ​ພາ', 'Wednesday', 'wireless communication system', '503', 'HCS6B', 'ເຊົ້າ', '2021-2022', '08:45:00', NULL, 0, 1, '2022-05-25'),
(485, 'FCS-AM-1423-19', 'ຕ​ອັກ​ກີ່ ', 'ໄຊ​ຍະ​ກອນ', 'Wednesday', 'wireless communication system', '503', 'HCS6B', 'ເຊົ້າ', '2021-2022', '08:45:00', NULL, 0, 1, '2022-05-25'),
(486, 'FCS-AM-1345-19', 'ຕາວັນ', 'ລາດຊະຈັນ', 'Wednesday', 'wireless communication system', '503', 'HCS6B', 'ເຊົ້າ', '2021-2022', NULL, '11:50:00', 1, 0, '2022-06-01'),
(487, 'FCS-AM-1354-19', 'ວັນປະເສີດ ', 'ໄຊຍະທຳ', 'Wednesday', 'wireless communication system', '503', 'HCS6B', 'ເຊົ້າ', '2021-2022', NULL, '11:50:00', 1, 0, '2022-06-01'),
(488, 'FCS-AM-1359-19', 'ພິ​ມົນ', 'ສຸດ​ທິ​ປະ​ພາ', 'Wednesday', 'wireless communication system', '503', 'HCS6B', 'ເຊົ້າ', '2021-2022', NULL, '11:50:00', 1, 0, '2022-06-01'),
(489, 'FCS-AM-1423-19', 'ຕ​ອັກ​ກີ່ ', 'ໄຊ​ຍະ​ກອນ', 'Wednesday', 'wireless communication system', '503', 'HCS6B', 'ເຊົ້າ', '2021-2022', NULL, '11:50:00', 1, 0, '2022-06-01'),
(490, 'FCS-AM-1345-19', 'ຕາວັນ', 'ລາດຊະຈັນ', 'Wednesday', 'wireless communication system', '503', 'HCS6B', 'ເຊົ້າ', '2021-2022', NULL, '11:50:00', 1, 0, '2022-06-08'),
(491, 'FCS-AM-1354-19', 'ວັນປະເສີດ ', 'ໄຊຍະທຳ', 'Wednesday', 'wireless communication system', '503', 'HCS6B', 'ເຊົ້າ', '2021-2022', NULL, '11:50:00', 1, 0, '2022-06-08'),
(492, 'FCS-AM-1359-19', 'ພິ​ມົນ', 'ສຸດ​ທິ​ປະ​ພາ', 'Wednesday', 'wireless communication system', '503', 'HCS6B', 'ເຊົ້າ', '2021-2022', NULL, '11:50:00', 1, 0, '2022-06-08'),
(493, 'FCS-AM-1423-19', 'ຕ​ອັກ​ກີ່ ', 'ໄຊ​ຍະ​ກອນ', 'Wednesday', 'wireless communication system', '503', 'HCS6B', 'ເຊົ້າ', '2021-2022', NULL, '11:50:00', 1, 0, '2022-06-08'),
(494, 'FCS-AM-1345-19', 'ຕາວັນ', 'ລາດຊະຈັນ', 'Wednesday', 'wireless communication system', '503', 'HCS6B', 'ເຊົ້າ', '2021-2022', NULL, NULL, 1, 1, '2022-06-15'),
(495, 'FCS-AM-1354-19', 'ວັນປະເສີດ ', 'ໄຊຍະທຳ', 'Wednesday', 'wireless communication system', '503', 'HCS6B', 'ເຊົ້າ', '2021-2022', NULL, NULL, 1, 1, '2022-06-15'),
(496, 'FCS-AM-1359-19', 'ພິ​ມົນ', 'ສຸດ​ທິ​ປະ​ພາ', 'Wednesday', 'wireless communication system', '503', 'HCS6B', 'ເຊົ້າ', '2021-2022', NULL, NULL, 1, 1, '2022-06-15'),
(497, 'FCS-AM-1423-19', 'ຕ​ອັກ​ກີ່ ', 'ໄຊ​ຍະ​ກອນ', 'Wednesday', 'wireless communication system', '503', 'HCS6B', 'ເຊົ້າ', '2021-2022', NULL, NULL, 1, 1, '2022-06-15'),
(498, 'FCS-AM-1345-19', 'ຕາວັນ', 'ລາດຊະຈັນ', 'Wednesday', 'wireless communication system', '503', 'HCS6B', 'ເຊົ້າ', '2021-2022', NULL, '11:50:00', 1, 0, '2022-06-22'),
(499, 'FCS-AM-1354-19', 'ວັນປະເສີດ ', 'ໄຊຍະທຳ', 'Wednesday', 'wireless communication system', '503', 'HCS6B', 'ເຊົ້າ', '2021-2022', NULL, '11:50:00', 1, 0, '2022-06-22'),
(500, 'FCS-AM-1359-19', 'ພິ​ມົນ', 'ສຸດ​ທິ​ປະ​ພາ', 'Wednesday', 'wireless communication system', '503', 'HCS6B', 'ເຊົ້າ', '2021-2022', NULL, '11:50:00', 1, 0, '2022-06-22'),
(501, 'FCS-AM-1423-19', 'ຕ​ອັກ​ກີ່ ', 'ໄຊ​ຍະ​ກອນ', 'Wednesday', 'wireless communication system', '503', 'HCS6B', 'ເຊົ້າ', '2021-2022', NULL, '11:50:00', 1, 0, '2022-06-22'),
(502, 'FCS-AM-1345-19', 'ຕາວັນ', 'ລາດຊະຈັນ', 'Wednesday', 'wireless communication system', '503', 'HCS6B', 'ເຊົ້າ', '2021-2022', '08:20:00', '11:45:00', 0, 0, '2022-06-29'),
(503, 'FCS-AM-1354-19', 'ວັນປະເສີດ ', 'ໄຊຍະທຳ', 'Wednesday', 'wireless communication system', '503', 'HCS6B', 'ເຊົ້າ', '2021-2022', '08:20:00', '11:45:00', 0, 0, '2022-06-29'),
(504, 'FCS-AM-1359-19', 'ພິ​ມົນ', 'ສຸດ​ທິ​ປະ​ພາ', 'Wednesday', 'wireless communication system', '503', 'HCS6B', 'ເຊົ້າ', '2021-2022', '08:20:00', '11:45:00', 0, 0, '2022-06-29'),
(505, 'FCS-AM-1423-19', 'ຕ​ອັກ​ກີ່ ', 'ໄຊ​ຍະ​ກອນ', 'Wednesday', 'wireless communication system', '503', 'HCS6B', 'ເຊົ້າ', '2021-2022', '08:20:00', '11:45:00', 0, 0, '2022-06-29'),
(506, 'FCS-AM-1345-19', 'ຕາວັນ', 'ລາດຊະຈັນ', 'Thursday', 'software programming with java2', '309', 'HCS6B', 'ເຊົ້າ', '2021-2022', '08:45:00', NULL, 0, 1, '2022-05-05'),
(507, 'FCS-AM-1354-19', 'ວັນປະເສີດ ', 'ໄຊຍະທຳ', 'Thursday', 'software programming with java2', '309', 'HCS6B', 'ເຊົ້າ', '2021-2022', '08:45:00', NULL, 0, 1, '2022-05-05'),
(508, 'FCS-AM-1359-19', 'ພິ​ມົນ', 'ສຸດ​ທິ​ປະ​ພາ', 'Thursday', 'software programming with java2', '309', 'HCS6B', 'ເຊົ້າ', '2021-2022', '08:45:00', NULL, 0, 1, '2022-05-05'),
(509, 'FCS-AM-1423-19', 'ຕ​ອັກ​ກີ່ ', 'ໄຊ​ຍະ​ກອນ', 'Thursday', 'software programming with java2', '309', 'HCS6B', 'ເຊົ້າ', '2021-2022', '08:45:00', NULL, 0, 1, '2022-05-05'),
(510, 'FCS-AM-1345-19', 'ຕາວັນ', 'ລາດຊະຈັນ', 'Thursday', 'software programming with java2', '309', 'HCS6B', 'ເຊົ້າ', '2021-2022', NULL, NULL, 1, 1, '2022-05-12'),
(511, 'FCS-AM-1354-19', 'ວັນປະເສີດ ', 'ໄຊຍະທຳ', 'Thursday', 'software programming with java2', '309', 'HCS6B', 'ເຊົ້າ', '2021-2022', NULL, NULL, 1, 1, '2022-05-12'),
(512, 'FCS-AM-1359-19', 'ພິ​ມົນ', 'ສຸດ​ທິ​ປະ​ພາ', 'Thursday', 'software programming with java2', '309', 'HCS6B', 'ເຊົ້າ', '2021-2022', NULL, NULL, 1, 1, '2022-05-12'),
(513, 'FCS-AM-1423-19', 'ຕ​ອັກ​ກີ່ ', 'ໄຊ​ຍະ​ກອນ', 'Thursday', 'software programming with java2', '309', 'HCS6B', 'ເຊົ້າ', '2021-2022', NULL, NULL, 1, 1, '2022-05-12'),
(514, 'FCS-AM-1345-19', 'ຕາວັນ', 'ລາດຊະຈັນ', 'Thursday', 'software programming with java2', '309', 'HCS6B', 'ເຊົ້າ', '2021-2022', '08:45:00', NULL, 0, 1, '2022-05-19'),
(515, 'FCS-AM-1354-19', 'ວັນປະເສີດ ', 'ໄຊຍະທຳ', 'Thursday', 'software programming with java2', '309', 'HCS6B', 'ເຊົ້າ', '2021-2022', '08:45:00', NULL, 0, 1, '2022-05-19'),
(516, 'FCS-AM-1359-19', 'ພິ​ມົນ', 'ສຸດ​ທິ​ປະ​ພາ', 'Thursday', 'software programming with java2', '309', 'HCS6B', 'ເຊົ້າ', '2021-2022', '08:45:00', NULL, 0, 1, '2022-05-19'),
(517, 'FCS-AM-1423-19', 'ຕ​ອັກ​ກີ່ ', 'ໄຊ​ຍະ​ກອນ', 'Thursday', 'software programming with java2', '309', 'HCS6B', 'ເຊົ້າ', '2021-2022', '08:45:00', NULL, 0, 1, '2022-05-19'),
(518, 'FCS-AM-1345-19', 'ຕາວັນ', 'ລາດຊະຈັນ', 'Thursday', 'software programming with java2', '309', 'HCS6B', 'ເຊົ້າ', '2021-2022', '08:20:00', '11:45:00', 0, 0, '2022-05-26'),
(519, 'FCS-AM-1354-19', 'ວັນປະເສີດ ', 'ໄຊຍະທຳ', 'Thursday', 'software programming with java2', '309', 'HCS6B', 'ເຊົ້າ', '2021-2022', '08:20:00', '11:45:00', 0, 0, '2022-05-26'),
(520, 'FCS-AM-1359-19', 'ພິ​ມົນ', 'ສຸດ​ທິ​ປະ​ພາ', 'Thursday', 'software programming with java2', '309', 'HCS6B', 'ເຊົ້າ', '2021-2022', '08:20:00', '11:45:00', 0, 0, '2022-05-26'),
(521, 'FCS-AM-1423-19', 'ຕ​ອັກ​ກີ່ ', 'ໄຊ​ຍະ​ກອນ', 'Thursday', 'software programming with java2', '309', 'HCS6B', 'ເຊົ້າ', '2021-2022', '08:20:00', '11:45:00', 0, 0, '2022-05-26'),
(522, 'FCS-AM-1345-19', 'ຕາວັນ', 'ລາດຊະຈັນ', 'Thursday', 'software programming with java2', '309', 'HCS6B', 'ເຊົ້າ', '2021-2022', '08:20:00', '11:45:00', 0, 0, '2022-06-02'),
(523, 'FCS-AM-1354-19', 'ວັນປະເສີດ ', 'ໄຊຍະທຳ', 'Thursday', 'software programming with java2', '309', 'HCS6B', 'ເຊົ້າ', '2021-2022', '08:20:00', '11:45:00', 0, 0, '2022-06-02'),
(524, 'FCS-AM-1345-19', 'ຕາວັນ', 'ລາດຊະຈັນ', 'Thursday', 'software programming with java2', '309', 'HCS6B', 'ເຊົ້າ', '2021-2022', '08:45:00', NULL, 0, 1, '2022-05-05'),
(525, 'FCS-AM-1354-19', 'ວັນປະເສີດ ', 'ໄຊຍະທຳ', 'Thursday', 'software programming with java2', '309', 'HCS6B', 'ເຊົ້າ', '2021-2022', '08:45:00', NULL, 0, 1, '2022-05-05'),
(526, 'FCS-AM-1359-19', 'ພິ​ມົນ', 'ສຸດ​ທິ​ປະ​ພາ', 'Thursday', 'software programming with java2', '309', 'HCS6B', 'ເຊົ້າ', '2021-2022', '08:45:00', NULL, 0, 1, '2022-05-05'),
(527, 'FCS-AM-1423-19', 'ຕ​ອັກ​ກີ່ ', 'ໄຊ​ຍະ​ກອນ', 'Thursday', 'software programming with java2', '309', 'HCS6B', 'ເຊົ້າ', '2021-2022', '08:45:00', NULL, 0, 1, '2022-05-05'),
(528, 'FCS-AM-1345-19', 'ຕາວັນ', 'ລາດຊະຈັນ', 'Thursday', 'software programming with java2', '309', 'HCS6B', 'ເຊົ້າ', '2021-2022', NULL, NULL, 1, 1, '2022-05-12'),
(529, 'FCS-AM-1354-19', 'ວັນປະເສີດ ', 'ໄຊຍະທຳ', 'Thursday', 'software programming with java2', '309', 'HCS6B', 'ເຊົ້າ', '2021-2022', NULL, NULL, 1, 1, '2022-05-12'),
(530, 'FCS-AM-1359-19', 'ພິ​ມົນ', 'ສຸດ​ທິ​ປະ​ພາ', 'Thursday', 'software programming with java2', '309', 'HCS6B', 'ເຊົ້າ', '2021-2022', NULL, NULL, 1, 1, '2022-05-12'),
(531, 'FCS-AM-1423-19', 'ຕ​ອັກ​ກີ່ ', 'ໄຊ​ຍະ​ກອນ', 'Thursday', 'software programming with java2', '309', 'HCS6B', 'ເຊົ້າ', '2021-2022', NULL, NULL, 1, 1, '2022-05-12'),
(532, 'FCS-AM-1345-19', 'ຕາວັນ', 'ລາດຊະຈັນ', 'Thursday', 'software programming with java2', '309', 'HCS6B', 'ເຊົ້າ', '2021-2022', '08:45:00', NULL, 0, 1, '2022-05-19'),
(533, 'FCS-AM-1354-19', 'ວັນປະເສີດ ', 'ໄຊຍະທຳ', 'Thursday', 'software programming with java2', '309', 'HCS6B', 'ເຊົ້າ', '2021-2022', '08:45:00', NULL, 0, 1, '2022-05-19'),
(534, 'FCS-AM-1359-19', 'ພິ​ມົນ', 'ສຸດ​ທິ​ປະ​ພາ', 'Thursday', 'software programming with java2', '309', 'HCS6B', 'ເຊົ້າ', '2021-2022', '08:45:00', NULL, 0, 1, '2022-05-19'),
(535, 'FCS-AM-1423-19', 'ຕ​ອັກ​ກີ່ ', 'ໄຊ​ຍະ​ກອນ', 'Thursday', 'software programming with java2', '309', 'HCS6B', 'ເຊົ້າ', '2021-2022', '08:45:00', NULL, 0, 1, '2022-05-19'),
(536, 'FCS-AM-1345-19', 'ຕາວັນ', 'ລາດຊະຈັນ', 'Thursday', 'software programming with java2', '309', 'HCS6B', 'ເຊົ້າ', '2021-2022', '08:20:00', '11:45:00', 0, 0, '2022-05-26'),
(537, 'FCS-AM-1354-19', 'ວັນປະເສີດ ', 'ໄຊຍະທຳ', 'Thursday', 'software programming with java2', '309', 'HCS6B', 'ເຊົ້າ', '2021-2022', '08:20:00', '11:45:00', 0, 0, '2022-05-26'),
(538, 'FCS-AM-1359-19', 'ພິ​ມົນ', 'ສຸດ​ທິ​ປະ​ພາ', 'Thursday', 'software programming with java2', '309', 'HCS6B', 'ເຊົ້າ', '2021-2022', '08:20:00', '11:45:00', 0, 0, '2022-05-26'),
(539, 'FCS-AM-1423-19', 'ຕ​ອັກ​ກີ່ ', 'ໄຊ​ຍະ​ກອນ', 'Thursday', 'software programming with java2', '309', 'HCS6B', 'ເຊົ້າ', '2021-2022', '08:20:00', '11:45:00', 0, 0, '2022-05-26'),
(540, 'FCS-AM-1345-19', 'ຕາວັນ', 'ລາດຊະຈັນ', 'Thursday', 'software programming with java2', '309', 'HCS6B', 'ເຊົ້າ', '2021-2022', '08:20:00', '11:45:00', 0, 0, '2022-06-02'),
(541, 'FCS-AM-1354-19', 'ວັນປະເສີດ ', 'ໄຊຍະທຳ', 'Thursday', 'software programming with java2', '309', 'HCS6B', 'ເຊົ້າ', '2021-2022', '08:20:00', '11:45:00', 0, 0, '2022-06-02'),
(542, 'FCS-AM-1359-19', 'ພິ​ມົນ', 'ສຸດ​ທິ​ປະ​ພາ', 'Thursday', 'software programming with java2', '309', 'HCS6B', 'ເຊົ້າ', '2021-2022', '08:20:00', '11:45:00', 0, 0, '2022-06-02'),
(543, 'FCS-AM-1423-19', 'ຕ​ອັກ​ກີ່ ', 'ໄຊ​ຍະ​ກອນ', 'Thursday', 'software programming with java2', '309', 'HCS6B', 'ເຊົ້າ', '2021-2022', '08:20:00', '11:45:00', 0, 0, '2022-06-02'),
(544, 'FCS-AM-1345-19', 'ຕາວັນ', 'ລາດຊະຈັນ', 'Thursday', 'software programming with java2', '309', 'HCS6B', 'ເຊົ້າ', '2021-2022', NULL, NULL, 1, 1, '2022-06-09'),
(545, 'FCS-AM-1354-19', 'ວັນປະເສີດ ', 'ໄຊຍະທຳ', 'Thursday', 'software programming with java2', '309', 'HCS6B', 'ເຊົ້າ', '2021-2022', NULL, NULL, 1, 1, '2022-06-09'),
(546, 'FCS-AM-1359-19', 'ພິ​ມົນ', 'ສຸດ​ທິ​ປະ​ພາ', 'Thursday', 'software programming with java2', '309', 'HCS6B', 'ເຊົ້າ', '2021-2022', NULL, NULL, 1, 1, '2022-06-09'),
(547, 'FCS-AM-1423-19', 'ຕ​ອັກ​ກີ່ ', 'ໄຊ​ຍະ​ກອນ', 'Thursday', 'software programming with java2', '309', 'HCS6B', 'ເຊົ້າ', '2021-2022', NULL, NULL, 1, 1, '2022-06-09'),
(548, 'FCS-AM-1345-19', 'ຕາວັນ', 'ລາດຊະຈັນ', 'Thursday', 'software programming with java2', '309', 'HCS6B', 'ເຊົ້າ', '2021-2022', '08:45:00', NULL, 0, 1, '2022-06-16'),
(549, 'FCS-AM-1354-19', 'ວັນປະເສີດ ', 'ໄຊຍະທຳ', 'Thursday', 'software programming with java2', '309', 'HCS6B', 'ເຊົ້າ', '2021-2022', '08:45:00', NULL, 0, 1, '2022-06-16'),
(550, 'FCS-AM-1359-19', 'ພິ​ມົນ', 'ສຸດ​ທິ​ປະ​ພາ', 'Thursday', 'software programming with java2', '309', 'HCS6B', 'ເຊົ້າ', '2021-2022', '08:45:00', NULL, 0, 1, '2022-06-16'),
(551, 'FCS-AM-1423-19', 'ຕ​ອັກ​ກີ່ ', 'ໄຊ​ຍະ​ກອນ', 'Thursday', 'software programming with java2', '309', 'HCS6B', 'ເຊົ້າ', '2021-2022', '08:45:00', NULL, 0, 1, '2022-06-16'),
(552, 'FCS-AM-1345-19', 'ຕາວັນ', 'ລາດຊະຈັນ', 'Thursday', 'software programming with java2', '309', 'HCS6B', 'ເຊົ້າ', '2021-2022', '08:20:00', '11:45:00', 0, 0, '2022-06-23'),
(553, 'FCS-AM-1354-19', 'ວັນປະເສີດ ', 'ໄຊຍະທຳ', 'Thursday', 'software programming with java2', '309', 'HCS6B', 'ເຊົ້າ', '2021-2022', '08:20:00', '11:45:00', 0, 0, '2022-06-23'),
(554, 'FCS-AM-1359-19', 'ພິ​ມົນ', 'ສຸດ​ທິ​ປະ​ພາ', 'Thursday', 'software programming with java2', '309', 'HCS6B', 'ເຊົ້າ', '2021-2022', '08:20:00', '11:45:00', 0, 0, '2022-06-23'),
(555, 'FCS-AM-1423-19', 'ຕ​ອັກ​ກີ່ ', 'ໄຊ​ຍະ​ກອນ', 'Thursday', 'software programming with java2', '309', 'HCS6B', 'ເຊົ້າ', '2021-2022', '08:20:00', '11:45:00', 0, 0, '2022-06-23'),
(556, 'FCS-AM-1345-19', 'ຕາວັນ', 'ລາດຊະຈັນ', 'Thursday', 'software programming with java2', '309', 'HCS6B', 'ເຊົ້າ', '2021-2022', NULL, '11:50:00', 1, 0, '2022-06-30'),
(557, 'FCS-AM-1354-19', 'ວັນປະເສີດ ', 'ໄຊຍະທຳ', 'Thursday', 'software programming with java2', '309', 'HCS6B', 'ເຊົ້າ', '2021-2022', NULL, '11:50:00', 1, 0, '2022-06-30'),
(558, 'FCS-AM-1359-19', 'ພິ​ມົນ', 'ສຸດ​ທິ​ປະ​ພາ', 'Thursday', 'software programming with java2', '309', 'HCS6B', 'ເຊົ້າ', '2021-2022', NULL, '11:50:00', 1, 0, '2022-06-30'),
(559, 'FCS-AM-1423-19', 'ຕ​ອັກ​ກີ່ ', 'ໄຊ​ຍະ​ກອນ', 'Thursday', 'software programming with java2', '309', 'HCS6B', 'ເຊົ້າ', '2021-2022', NULL, '11:50:00', 1, 0, '2022-06-30'),
(560, 'FCS-AM-1345-19', 'ຕາວັນ', 'ລາດຊະຈັນ', 'Friday', 'Mobile Application Programming', '309', 'HCS6B', 'ເຊົ້າ', '2021-2022', '08:45:00', NULL, 0, 1, '2022-05-06'),
(561, 'FCS-AM-1354-19', 'ວັນປະເສີດ ', 'ໄຊຍະທຳ', 'Friday', 'Mobile Application Programming', '309', 'HCS6B', 'ເຊົ້າ', '2021-2022', '08:45:00', NULL, 0, 1, '2022-05-06'),
(562, 'FCS-AM-1359-19', 'ພິ​ມົນ', 'ສຸດ​ທິ​ປະ​ພາ', 'Friday', 'Mobile Application Programming', '309', 'HCS6B', 'ເຊົ້າ', '2021-2022', '08:45:00', NULL, 0, 1, '2022-05-06'),
(563, 'FCS-AM-1423-19', 'ຕ​ອັກ​ກີ່ ', 'ໄຊ​ຍະ​ກອນ', 'Friday', 'Mobile Application Programming', '309', 'HCS6B', 'ເຊົ້າ', '2021-2022', '08:45:00', NULL, 0, 1, '2022-05-06'),
(564, 'FCS-AM-1345-19', 'ຕາວັນ', 'ລາດຊະຈັນ', 'Friday', 'Mobile Application Programming', '309', 'HCS6B', 'ເຊົ້າ', '2021-2022', '08:45:00', NULL, 0, 1, '2022-05-13'),
(565, 'FCS-AM-1354-19', 'ວັນປະເສີດ ', 'ໄຊຍະທຳ', 'Friday', 'Mobile Application Programming', '309', 'HCS6B', 'ເຊົ້າ', '2021-2022', '08:45:00', NULL, 0, 1, '2022-05-13'),
(566, 'FCS-AM-1359-19', 'ພິ​ມົນ', 'ສຸດ​ທິ​ປະ​ພາ', 'Friday', 'Mobile Application Programming', '309', 'HCS6B', 'ເຊົ້າ', '2021-2022', '08:45:00', NULL, 0, 1, '2022-05-13'),
(567, 'FCS-AM-1423-19', 'ຕ​ອັກ​ກີ່ ', 'ໄຊ​ຍະ​ກອນ', 'Friday', 'Mobile Application Programming', '309', 'HCS6B', 'ເຊົ້າ', '2021-2022', '08:45:00', NULL, 0, 1, '2022-05-13'),
(568, 'FCS-AM-1345-19', 'ຕາວັນ', 'ລາດຊະຈັນ', 'Friday', 'Mobile Application Programming', '309', 'HCS6B', 'ເຊົ້າ', '2021-2022', '08:20:00', '11:45:00', 0, 0, '2022-05-20'),
(569, 'FCS-AM-1354-19', 'ວັນປະເສີດ ', 'ໄຊຍະທຳ', 'Friday', 'Mobile Application Programming', '309', 'HCS6B', 'ເຊົ້າ', '2021-2022', '08:20:00', '11:45:00', 0, 0, '2022-05-20'),
(570, 'FCS-AM-1359-19', 'ພິ​ມົນ', 'ສຸດ​ທິ​ປະ​ພາ', 'Friday', 'Mobile Application Programming', '309', 'HCS6B', 'ເຊົ້າ', '2021-2022', '08:20:00', '11:45:00', 0, 0, '2022-05-20'),
(571, 'FCS-AM-1423-19', 'ຕ​ອັກ​ກີ່ ', 'ໄຊ​ຍະ​ກອນ', 'Friday', 'Mobile Application Programming', '309', 'HCS6B', 'ເຊົ້າ', '2021-2022', '08:20:00', '11:45:00', 0, 0, '2022-05-20'),
(572, 'FCS-AM-1345-19', 'ຕາວັນ', 'ລາດຊະຈັນ', 'Friday', 'Mobile Application Programming', '309', 'HCS6B', 'ເຊົ້າ', '2021-2022', '08:20:00', '11:45:00', 0, 0, '2022-05-27'),
(573, 'FCS-AM-1354-19', 'ວັນປະເສີດ ', 'ໄຊຍະທຳ', 'Friday', 'Mobile Application Programming', '309', 'HCS6B', 'ເຊົ້າ', '2021-2022', '08:20:00', '11:45:00', 0, 0, '2022-05-27'),
(574, 'FCS-AM-1359-19', 'ພິ​ມົນ', 'ສຸດ​ທິ​ປະ​ພາ', 'Friday', 'Mobile Application Programming', '309', 'HCS6B', 'ເຊົ້າ', '2021-2022', '08:20:00', '11:45:00', 0, 0, '2022-05-27'),
(575, 'FCS-AM-1423-19', 'ຕ​ອັກ​ກີ່ ', 'ໄຊ​ຍະ​ກອນ', 'Friday', 'Mobile Application Programming', '309', 'HCS6B', 'ເຊົ້າ', '2021-2022', '08:20:00', '11:45:00', 0, 0, '2022-05-27'),
(576, 'FCS-AM-1345-19', 'ຕາວັນ', 'ລາດຊະຈັນ', 'Friday', 'Mobile Application Programming', '309', 'HCS6B', 'ເຊົ້າ', '2021-2022', '08:45:00', NULL, 0, 1, '2022-06-03'),
(577, 'FCS-AM-1354-19', 'ວັນປະເສີດ ', 'ໄຊຍະທຳ', 'Friday', 'Mobile Application Programming', '309', 'HCS6B', 'ເຊົ້າ', '2021-2022', '08:45:00', NULL, 0, 1, '2022-06-03'),
(578, 'FCS-AM-1359-19', 'ພິ​ມົນ', 'ສຸດ​ທິ​ປະ​ພາ', 'Friday', 'Mobile Application Programming', '309', 'HCS6B', 'ເຊົ້າ', '2021-2022', '08:45:00', NULL, 0, 1, '2022-06-03'),
(579, 'FCS-AM-1423-19', 'ຕ​ອັກ​ກີ່ ', 'ໄຊ​ຍະ​ກອນ', 'Friday', 'Mobile Application Programming', '309', 'HCS6B', 'ເຊົ້າ', '2021-2022', '08:45:00', NULL, 0, 1, '2022-06-03'),
(580, 'FCS-AM-1345-19', 'ຕາວັນ', 'ລາດຊະຈັນ', 'Friday', 'Mobile Application Programming', '309', 'HCS6B', 'ເຊົ້າ', '2021-2022', '08:20:00', '11:45:00', 0, 0, '2022-06-10'),
(581, 'FCS-AM-1354-19', 'ວັນປະເສີດ ', 'ໄຊຍະທຳ', 'Friday', 'Mobile Application Programming', '309', 'HCS6B', 'ເຊົ້າ', '2021-2022', '08:20:00', '11:45:00', 0, 0, '2022-06-10'),
(582, 'FCS-AM-1359-19', 'ພິ​ມົນ', 'ສຸດ​ທິ​ປະ​ພາ', 'Friday', 'Mobile Application Programming', '309', 'HCS6B', 'ເຊົ້າ', '2021-2022', '08:20:00', '11:45:00', 0, 0, '2022-06-10'),
(583, 'FCS-AM-1423-19', 'ຕ​ອັກ​ກີ່ ', 'ໄຊ​ຍະ​ກອນ', 'Friday', 'Mobile Application Programming', '309', 'HCS6B', 'ເຊົ້າ', '2021-2022', '08:20:00', '11:45:00', 0, 0, '2022-06-10'),
(584, 'FCS-AM-1345-19', 'ຕາວັນ', 'ລາດຊະຈັນ', 'Friday', 'Mobile Application Programming', '309', 'HCS6B', 'ເຊົ້າ', '2021-2022', NULL, NULL, 1, 1, '2022-06-17'),
(585, 'FCS-AM-1354-19', 'ວັນປະເສີດ ', 'ໄຊຍະທຳ', 'Friday', 'Mobile Application Programming', '309', 'HCS6B', 'ເຊົ້າ', '2021-2022', NULL, NULL, 1, 1, '2022-06-17'),
(586, 'FCS-AM-1359-19', 'ພິ​ມົນ', 'ສຸດ​ທິ​ປະ​ພາ', 'Friday', 'Mobile Application Programming', '309', 'HCS6B', 'ເຊົ້າ', '2021-2022', NULL, NULL, 1, 1, '2022-06-17'),
(587, 'FCS-AM-1423-19', 'ຕ​ອັກ​ກີ່ ', 'ໄຊ​ຍະ​ກອນ', 'Friday', 'Mobile Application Programming', '309', 'HCS6B', 'ເຊົ້າ', '2021-2022', NULL, NULL, 1, 1, '2022-06-17'),
(588, 'FCS-AM-1345-19', 'ຕາວັນ', 'ລາດຊະຈັນ', 'Friday', 'Mobile Application Programming', '309', 'HCS6B', 'ເຊົ້າ', '2021-2022', '08:20:00', '11:45:00', 0, 0, '2022-06-24'),
(589, 'FCS-AM-1354-19', 'ວັນປະເສີດ ', 'ໄຊຍະທຳ', 'Friday', 'Mobile Application Programming', '309', 'HCS6B', 'ເຊົ້າ', '2021-2022', '08:20:00', '11:45:00', 0, 0, '2022-06-24'),
(590, 'FCS-AM-1359-19', 'ພິ​ມົນ', 'ສຸດ​ທິ​ປະ​ພາ', 'Friday', 'Mobile Application Programming', '309', 'HCS6B', 'ເຊົ້າ', '2021-2022', '08:20:00', '11:45:00', 0, 0, '2022-06-24'),
(591, 'FCS-AM-1423-19', 'ຕ​ອັກ​ກີ່ ', 'ໄຊ​ຍະ​ກອນ', 'Friday', 'Mobile Application Programming', '309', 'HCS6B', 'ເຊົ້າ', '2021-2022', '08:20:00', '11:45:00', 0, 0, '2022-06-24'),
(592, 'FCS-AM-1333-19', 'ທະນູໄຊ ', 'ອິນທະວົງ', 'Monday', 'software programming with java2', '502', 'HCS6C', 'ບ່າຍ', '2021-2022', '13:30:00', '17:00:00', 0, 0, '2022-05-02'),
(593, 'FCS-AM-1351-19', 'ອາທິດ ', 'ວິໄລສັກ', 'Monday', 'software programming with java2', '502', 'HCS6C', 'ບ່າຍ', '2021-2022', '13:30:00', '17:00:00', 0, 0, '2022-05-02'),
(594, 'FCS-AM-1427-19', 'ນີ່ ', 'ຫຼ້າທອງຈັນ', 'Monday', 'software programming with java2', '502', 'HCS6C', 'ບ່າຍ', '2021-2022', '13:30:00', '17:00:00', 0, 0, '2022-05-02'),
(595, 'FCS-AM-1333-19', 'ທະນູໄຊ ', 'ອິນທະວົງ', 'Monday', 'software programming with java2', '502', 'HCS6C', 'ບ່າຍ', '2021-2022', '13:30:00', '17:00:00', 0, 0, '2022-05-09'),
(596, 'FCS-AM-1351-19', 'ອາທິດ ', 'ວິໄລສັກ', 'Monday', 'software programming with java2', '502', 'HCS6C', 'ບ່າຍ', '2021-2022', '13:30:00', '17:00:00', 0, 0, '2022-05-09'),
(597, 'FCS-AM-1427-19', 'ນີ່ ', 'ຫຼ້າທອງຈັນ', 'Monday', 'software programming with java2', '502', 'HCS6C', 'ບ່າຍ', '2021-2022', '13:30:00', '17:00:00', 0, 0, '2022-05-09'),
(598, 'FCS-AM-1333-19', 'ທະນູໄຊ ', 'ອິນທະວົງ', 'Monday', 'software programming with java2', '502', 'HCS6C', 'ບ່າຍ', '2021-2022', NULL, NULL, 1, 1, '2022-05-16'),
(599, 'FCS-AM-1351-19', 'ອາທິດ ', 'ວິໄລສັກ', 'Monday', 'software programming with java2', '502', 'HCS6C', 'ບ່າຍ', '2021-2022', NULL, NULL, 1, 1, '2022-05-16'),
(600, 'FCS-AM-1427-19', 'ນີ່ ', 'ຫຼ້າທອງຈັນ', 'Monday', 'software programming with java2', '502', 'HCS6C', 'ບ່າຍ', '2021-2022', NULL, NULL, 1, 1, '2022-05-16'),
(601, 'FCS-AM-1333-19', 'ທະນູໄຊ ', 'ອິນທະວົງ', 'Monday', 'software programming with java2', '502', 'HCS6C', 'ບ່າຍ', '2021-2022', NULL, '16:50:00', 1, 0, '2022-05-23'),
(602, 'FCS-AM-1351-19', 'ອາທິດ ', 'ວິໄລສັກ', 'Monday', 'software programming with java2', '502', 'HCS6C', 'ບ່າຍ', '2021-2022', NULL, '16:50:00', 1, 0, '2022-05-23'),
(603, 'FCS-AM-1427-19', 'ນີ່ ', 'ຫຼ້າທອງຈັນ', 'Monday', 'software programming with java2', '502', 'HCS6C', 'ບ່າຍ', '2021-2022', NULL, '16:50:00', 1, 0, '2022-05-23'),
(604, 'FCS-AM-1333-19', 'ທະນູໄຊ ', 'ອິນທະວົງ', 'Monday', 'software programming with java2', '502', 'HCS6C', 'ບ່າຍ', '2021-2022', '13:45:00', NULL, 0, 1, '2022-05-30'),
(605, 'FCS-AM-1351-19', 'ອາທິດ ', 'ວິໄລສັກ', 'Monday', 'software programming with java2', '502', 'HCS6C', 'ບ່າຍ', '2021-2022', '13:45:00', NULL, 0, 1, '2022-05-30'),
(606, 'FCS-AM-1427-19', 'ນີ່ ', 'ຫຼ້າທອງຈັນ', 'Monday', 'software programming with java2', '502', 'HCS6C', 'ບ່າຍ', '2021-2022', '13:45:00', NULL, 0, 1, '2022-05-30'),
(607, 'FCS-AM-1333-19', 'ທະນູໄຊ ', 'ອິນທະວົງ', 'Monday', 'software programming with java2', '502', 'HCS6C', 'ບ່າຍ', '2021-2022', NULL, '16:50:00', 1, 0, '2022-06-06'),
(608, 'FCS-AM-1351-19', 'ອາທິດ ', 'ວິໄລສັກ', 'Monday', 'software programming with java2', '502', 'HCS6C', 'ບ່າຍ', '2021-2022', NULL, '16:50:00', 1, 0, '2022-06-06'),
(609, 'FCS-AM-1427-19', 'ນີ່ ', 'ຫຼ້າທອງຈັນ', 'Monday', 'software programming with java2', '502', 'HCS6C', 'ບ່າຍ', '2021-2022', NULL, '16:50:00', 1, 0, '2022-06-06'),
(610, 'FCS-AM-1333-19', 'ທະນູໄຊ ', 'ອິນທະວົງ', 'Monday', 'software programming with java2', '502', 'HCS6C', 'ບ່າຍ', '2021-2022', '13:30:00', '17:00:00', 0, 0, '2022-06-13'),
(611, 'FCS-AM-1351-19', 'ອາທິດ ', 'ວິໄລສັກ', 'Monday', 'software programming with java2', '502', 'HCS6C', 'ບ່າຍ', '2021-2022', '13:30:00', '17:00:00', 0, 0, '2022-06-13'),
(612, 'FCS-AM-1427-19', 'ນີ່ ', 'ຫຼ້າທອງຈັນ', 'Monday', 'software programming with java2', '502', 'HCS6C', 'ບ່າຍ', '2021-2022', '13:30:00', '17:00:00', 0, 0, '2022-06-13'),
(613, 'FCS-AM-1333-19', 'ທະນູໄຊ ', 'ອິນທະວົງ', 'Monday', 'software programming with java2', '502', 'HCS6C', 'ບ່າຍ', '2021-2022', NULL, '16:50:00', 1, 0, '2022-06-20'),
(614, 'FCS-AM-1351-19', 'ອາທິດ ', 'ວິໄລສັກ', 'Monday', 'software programming with java2', '502', 'HCS6C', 'ບ່າຍ', '2021-2022', NULL, '16:50:00', 1, 0, '2022-06-20'),
(615, 'FCS-AM-1427-19', 'ນີ່ ', 'ຫຼ້າທອງຈັນ', 'Monday', 'software programming with java2', '502', 'HCS6C', 'ບ່າຍ', '2021-2022', NULL, '16:50:00', 1, 0, '2022-06-20'),
(616, 'FCS-AM-1333-19', 'ທະນູໄຊ ', 'ອິນທະວົງ', 'Monday', 'software programming with java2', '502', 'HCS6C', 'ບ່າຍ', '2021-2022', '13:45:00', NULL, 0, 1, '2022-06-27'),
(617, 'FCS-AM-1351-19', 'ອາທິດ ', 'ວິໄລສັກ', 'Monday', 'software programming with java2', '502', 'HCS6C', 'ບ່າຍ', '2021-2022', '13:45:00', NULL, 0, 1, '2022-06-27'),
(618, 'FCS-AM-1427-19', 'ນີ່ ', 'ຫຼ້າທອງຈັນ', 'Monday', 'software programming with java2', '502', 'HCS6C', 'ບ່າຍ', '2021-2022', '13:45:00', NULL, 0, 1, '2022-06-27'),
(619, 'FCS-AM-1333-19', 'ທະນູໄຊ ', 'ອິນທະວົງ', 'Tuesday', 'wireless communication system', '401', 'HCS6C', 'ບ່າຍ', '2021-2022', '13:45:00', NULL, 0, 1, '2022-05-03'),
(620, 'FCS-AM-1351-19', 'ອາທິດ ', 'ວິໄລສັກ', 'Tuesday', 'wireless communication system', '401', 'HCS6C', 'ບ່າຍ', '2021-2022', '13:45:00', NULL, 0, 1, '2022-05-03'),
(621, 'FCS-AM-1427-19', 'ນີ່ ', 'ຫຼ້າທອງຈັນ', 'Tuesday', 'wireless communication system', '401', 'HCS6C', 'ບ່າຍ', '2021-2022', '13:45:00', NULL, 0, 1, '2022-05-03'),
(622, 'FCS-AM-1333-19', 'ທະນູໄຊ ', 'ອິນທະວົງ', 'Tuesday', 'wireless communication system', '401', 'HCS6C', 'ບ່າຍ', '2021-2022', NULL, NULL, 1, 1, '2022-05-10'),
(623, 'FCS-AM-1351-19', 'ອາທິດ ', 'ວິໄລສັກ', 'Tuesday', 'wireless communication system', '401', 'HCS6C', 'ບ່າຍ', '2021-2022', NULL, NULL, 1, 1, '2022-05-10'),
(624, 'FCS-AM-1427-19', 'ນີ່ ', 'ຫຼ້າທອງຈັນ', 'Tuesday', 'wireless communication system', '401', 'HCS6C', 'ບ່າຍ', '2021-2022', NULL, NULL, 1, 1, '2022-05-10'),
(625, 'FCS-AM-1333-19', 'ທະນູໄຊ ', 'ອິນທະວົງ', 'Tuesday', 'wireless communication system', '401', 'HCS6C', 'ບ່າຍ', '2021-2022', '13:30:00', '17:00:00', 0, 0, '2022-05-17'),
(626, 'FCS-AM-1351-19', 'ອາທິດ ', 'ວິໄລສັກ', 'Tuesday', 'wireless communication system', '401', 'HCS6C', 'ບ່າຍ', '2021-2022', '13:30:00', '17:00:00', 0, 0, '2022-05-17'),
(627, 'FCS-AM-1427-19', 'ນີ່ ', 'ຫຼ້າທອງຈັນ', 'Tuesday', 'wireless communication system', '401', 'HCS6C', 'ບ່າຍ', '2021-2022', '13:30:00', '17:00:00', 0, 0, '2022-05-17'),
(628, 'FCS-AM-1333-19', 'ທະນູໄຊ ', 'ອິນທະວົງ', 'Tuesday', 'wireless communication system', '401', 'HCS6C', 'ບ່າຍ', '2021-2022', NULL, '16:50:00', 1, 0, '2022-05-24'),
(629, 'FCS-AM-1351-19', 'ອາທິດ ', 'ວິໄລສັກ', 'Tuesday', 'wireless communication system', '401', 'HCS6C', 'ບ່າຍ', '2021-2022', NULL, '16:50:00', 1, 0, '2022-05-24'),
(630, 'FCS-AM-1427-19', 'ນີ່ ', 'ຫຼ້າທອງຈັນ', 'Tuesday', 'wireless communication system', '401', 'HCS6C', 'ບ່າຍ', '2021-2022', NULL, '16:50:00', 1, 0, '2022-05-24'),
(631, 'FCS-AM-1333-19', 'ທະນູໄຊ ', 'ອິນທະວົງ', 'Tuesday', 'wireless communication system', '401', 'HCS6C', 'ບ່າຍ', '2021-2022', NULL, '16:50:00', 1, 0, '2022-05-31'),
(632, 'FCS-AM-1351-19', 'ອາທິດ ', 'ວິໄລສັກ', 'Tuesday', 'wireless communication system', '401', 'HCS6C', 'ບ່າຍ', '2021-2022', NULL, '16:50:00', 1, 0, '2022-05-31'),
(633, 'FCS-AM-1427-19', 'ນີ່ ', 'ຫຼ້າທອງຈັນ', 'Tuesday', 'wireless communication system', '401', 'HCS6C', 'ບ່າຍ', '2021-2022', NULL, '16:50:00', 1, 0, '2022-05-31'),
(634, 'FCS-AM-1333-19', 'ທະນູໄຊ ', 'ອິນທະວົງ', 'Tuesday', 'wireless communication system', '401', 'HCS6C', 'ບ່າຍ', '2021-2022', '13:30:00', '17:00:00', 0, 0, '2022-06-07'),
(635, 'FCS-AM-1351-19', 'ອາທິດ ', 'ວິໄລສັກ', 'Tuesday', 'wireless communication system', '401', 'HCS6C', 'ບ່າຍ', '2021-2022', '13:30:00', '17:00:00', 0, 0, '2022-06-07'),
(636, 'FCS-AM-1427-19', 'ນີ່ ', 'ຫຼ້າທອງຈັນ', 'Tuesday', 'wireless communication system', '401', 'HCS6C', 'ບ່າຍ', '2021-2022', '13:30:00', '17:00:00', 0, 0, '2022-06-07'),
(637, 'FCS-AM-1333-19', 'ທະນູໄຊ ', 'ອິນທະວົງ', 'Tuesday', 'wireless communication system', '401', 'HCS6C', 'ບ່າຍ', '2021-2022', NULL, NULL, 1, 1, '2022-06-14'),
(638, 'FCS-AM-1351-19', 'ອາທິດ ', 'ວິໄລສັກ', 'Tuesday', 'wireless communication system', '401', 'HCS6C', 'ບ່າຍ', '2021-2022', NULL, NULL, 1, 1, '2022-06-14'),
(639, 'FCS-AM-1427-19', 'ນີ່ ', 'ຫຼ້າທອງຈັນ', 'Tuesday', 'wireless communication system', '401', 'HCS6C', 'ບ່າຍ', '2021-2022', NULL, NULL, 1, 1, '2022-06-14'),
(640, 'FCS-AM-1333-19', 'ທະນູໄຊ ', 'ອິນທະວົງ', 'Tuesday', 'wireless communication system', '401', 'HCS6C', 'ບ່າຍ', '2021-2022', '13:45:00', NULL, 0, 1, '2022-06-21'),
(641, 'FCS-AM-1351-19', 'ອາທິດ ', 'ວິໄລສັກ', 'Tuesday', 'wireless communication system', '401', 'HCS6C', 'ບ່າຍ', '2021-2022', '13:45:00', NULL, 0, 1, '2022-06-21'),
(642, 'FCS-AM-1427-19', 'ນີ່ ', 'ຫຼ້າທອງຈັນ', 'Tuesday', 'wireless communication system', '401', 'HCS6C', 'ບ່າຍ', '2021-2022', '13:45:00', NULL, 0, 1, '2022-06-21'),
(643, 'FCS-AM-1333-19', 'ທະນູໄຊ ', 'ອິນທະວົງ', 'Tuesday', 'wireless communication system', '401', 'HCS6C', 'ບ່າຍ', '2021-2022', '13:30:00', '17:00:00', 0, 0, '2022-06-28'),
(644, 'FCS-AM-1351-19', 'ອາທິດ ', 'ວິໄລສັກ', 'Tuesday', 'wireless communication system', '401', 'HCS6C', 'ບ່າຍ', '2021-2022', '13:30:00', '17:00:00', 0, 0, '2022-06-28'),
(645, 'FCS-AM-1427-19', 'ນີ່ ', 'ຫຼ້າທອງຈັນ', 'Tuesday', 'wireless communication system', '401', 'HCS6C', 'ບ່າຍ', '2021-2022', '13:30:00', '17:00:00', 0, 0, '2022-06-28'),
(646, 'FCS-AM-1333-19', 'ທະນູໄຊ ', 'ອິນທະວົງ', 'Wednesday', 'Mobile Application Programming', '307', 'HCS6C', 'ບ່າຍ', '2021-2022', NULL, NULL, 1, 1, '2022-05-04'),
(647, 'FCS-AM-1351-19', 'ອາທິດ ', 'ວິໄລສັກ', 'Wednesday', 'Mobile Application Programming', '307', 'HCS6C', 'ບ່າຍ', '2021-2022', NULL, NULL, 1, 1, '2022-05-04'),
(648, 'FCS-AM-1427-19', 'ນີ່ ', 'ຫຼ້າທອງຈັນ', 'Wednesday', 'Mobile Application Programming', '307', 'HCS6C', 'ບ່າຍ', '2021-2022', NULL, NULL, 1, 1, '2022-05-04'),
(649, 'FCS-AM-1333-19', 'ທະນູໄຊ ', 'ອິນທະວົງ', 'Wednesday', 'Mobile Application Programming', '307', 'HCS6C', 'ບ່າຍ', '2021-2022', '13:45:00', NULL, 0, 1, '2022-05-11'),
(650, 'FCS-AM-1351-19', 'ອາທິດ ', 'ວິໄລສັກ', 'Wednesday', 'Mobile Application Programming', '307', 'HCS6C', 'ບ່າຍ', '2021-2022', '13:45:00', NULL, 0, 1, '2022-05-11'),
(651, 'FCS-AM-1427-19', 'ນີ່ ', 'ຫຼ້າທອງຈັນ', 'Wednesday', 'Mobile Application Programming', '307', 'HCS6C', 'ບ່າຍ', '2021-2022', '13:45:00', NULL, 0, 1, '2022-05-11'),
(652, 'FCS-AM-1333-19', 'ທະນູໄຊ ', 'ອິນທະວົງ', 'Wednesday', 'Mobile Application Programming', '307', 'HCS6C', 'ບ່າຍ', '2021-2022', '13:45:00', NULL, 0, 1, '2022-05-18'),
(653, 'FCS-AM-1351-19', 'ອາທິດ ', 'ວິໄລສັກ', 'Wednesday', 'Mobile Application Programming', '307', 'HCS6C', 'ບ່າຍ', '2021-2022', '13:45:00', NULL, 0, 1, '2022-05-18'),
(654, 'FCS-AM-1427-19', 'ນີ່ ', 'ຫຼ້າທອງຈັນ', 'Wednesday', 'Mobile Application Programming', '307', 'HCS6C', 'ບ່າຍ', '2021-2022', '13:45:00', NULL, 0, 1, '2022-05-18'),
(655, 'FCS-AM-1333-19', 'ທະນູໄຊ ', 'ອິນທະວົງ', 'Wednesday', 'Mobile Application Programming', '307', 'HCS6C', 'ບ່າຍ', '2021-2022', '13:30:00', '17:00:00', 0, 0, '2022-05-25'),
(656, 'FCS-AM-1351-19', 'ອາທິດ ', 'ວິໄລສັກ', 'Wednesday', 'Mobile Application Programming', '307', 'HCS6C', 'ບ່າຍ', '2021-2022', '13:30:00', '17:00:00', 0, 0, '2022-05-25'),
(657, 'FCS-AM-1427-19', 'ນີ່ ', 'ຫຼ້າທອງຈັນ', 'Wednesday', 'Mobile Application Programming', '307', 'HCS6C', 'ບ່າຍ', '2021-2022', '13:30:00', '17:00:00', 0, 0, '2022-05-25'),
(658, 'FCS-AM-1333-19', 'ທະນູໄຊ ', 'ອິນທະວົງ', 'Wednesday', 'Mobile Application Programming', '307', 'HCS6C', 'ບ່າຍ', '2021-2022', NULL, '16:50:00', 1, 0, '2022-06-01'),
(659, 'FCS-AM-1351-19', 'ອາທິດ ', 'ວິໄລສັກ', 'Wednesday', 'Mobile Application Programming', '307', 'HCS6C', 'ບ່າຍ', '2021-2022', NULL, '16:50:00', 1, 0, '2022-06-01'),
(660, 'FCS-AM-1427-19', 'ນີ່ ', 'ຫຼ້າທອງຈັນ', 'Wednesday', 'Mobile Application Programming', '307', 'HCS6C', 'ບ່າຍ', '2021-2022', NULL, '16:50:00', 1, 0, '2022-06-01'),
(661, 'FCS-AM-1333-19', 'ທະນູໄຊ ', 'ອິນທະວົງ', 'Wednesday', 'Mobile Application Programming', '307', 'HCS6C', 'ບ່າຍ', '2021-2022', '13:45:00', NULL, 0, 1, '2022-06-08'),
(662, 'FCS-AM-1351-19', 'ອາທິດ ', 'ວິໄລສັກ', 'Wednesday', 'Mobile Application Programming', '307', 'HCS6C', 'ບ່າຍ', '2021-2022', '13:45:00', NULL, 0, 1, '2022-06-08'),
(663, 'FCS-AM-1427-19', 'ນີ່ ', 'ຫຼ້າທອງຈັນ', 'Wednesday', 'Mobile Application Programming', '307', 'HCS6C', 'ບ່າຍ', '2021-2022', '13:45:00', NULL, 0, 1, '2022-06-08'),
(664, 'FCS-AM-1333-19', 'ທະນູໄຊ ', 'ອິນທະວົງ', 'Wednesday', 'Mobile Application Programming', '307', 'HCS6C', 'ບ່າຍ', '2021-2022', NULL, '16:50:00', 1, 0, '2022-06-15'),
(665, 'FCS-AM-1351-19', 'ອາທິດ ', 'ວິໄລສັກ', 'Wednesday', 'Mobile Application Programming', '307', 'HCS6C', 'ບ່າຍ', '2021-2022', NULL, '16:50:00', 1, 0, '2022-06-15'),
(666, 'FCS-AM-1427-19', 'ນີ່ ', 'ຫຼ້າທອງຈັນ', 'Wednesday', 'Mobile Application Programming', '307', 'HCS6C', 'ບ່າຍ', '2021-2022', NULL, '16:50:00', 1, 0, '2022-06-15'),
(667, 'FCS-AM-1333-19', 'ທະນູໄຊ ', 'ອິນທະວົງ', 'Wednesday', 'Mobile Application Programming', '307', 'HCS6C', 'ບ່າຍ', '2021-2022', NULL, NULL, 1, 1, '2022-06-22'),
(668, 'FCS-AM-1351-19', 'ອາທິດ ', 'ວິໄລສັກ', 'Wednesday', 'Mobile Application Programming', '307', 'HCS6C', 'ບ່າຍ', '2021-2022', NULL, NULL, 1, 1, '2022-06-22'),
(669, 'FCS-AM-1427-19', 'ນີ່ ', 'ຫຼ້າທອງຈັນ', 'Wednesday', 'Mobile Application Programming', '307', 'HCS6C', 'ບ່າຍ', '2021-2022', NULL, NULL, 1, 1, '2022-06-22'),
(670, 'FCS-AM-1333-19', 'ທະນູໄຊ ', 'ອິນທະວົງ', 'Wednesday', 'Mobile Application Programming', '307', 'HCS6C', 'ບ່າຍ', '2021-2022', '13:45:00', NULL, 0, 1, '2022-06-29'),
(671, 'FCS-AM-1351-19', 'ອາທິດ ', 'ວິໄລສັກ', 'Wednesday', 'Mobile Application Programming', '307', 'HCS6C', 'ບ່າຍ', '2021-2022', '13:45:00', NULL, 0, 1, '2022-06-29'),
(672, 'FCS-AM-1427-19', 'ນີ່ ', 'ຫຼ້າທອງຈັນ', 'Wednesday', 'Mobile Application Programming', '307', 'HCS6C', 'ບ່າຍ', '2021-2022', '13:45:00', NULL, 0, 1, '2022-06-29'),
(673, 'FCS-AM-1333-19', 'ທະນູໄຊ ', 'ອິນທະວົງ', 'Thursday', 'linux system administration', '502', 'HCS6C', 'ບ່າຍ', '2021-2022', NULL, NULL, 1, 1, '2022-05-05'),
(674, 'FCS-AM-1351-19', 'ອາທິດ ', 'ວິໄລສັກ', 'Thursday', 'linux system administration', '502', 'HCS6C', 'ບ່າຍ', '2021-2022', NULL, NULL, 1, 1, '2022-05-05'),
(675, 'FCS-AM-1427-19', 'ນີ່ ', 'ຫຼ້າທອງຈັນ', 'Thursday', 'linux system administration', '502', 'HCS6C', 'ບ່າຍ', '2021-2022', NULL, NULL, 1, 1, '2022-05-05'),
(676, 'FCS-AM-1333-19', 'ທະນູໄຊ ', 'ອິນທະວົງ', 'Thursday', 'linux system administration', '502', 'HCS6C', 'ບ່າຍ', '2021-2022', NULL, '16:50:00', 1, 0, '2022-05-12'),
(677, 'FCS-AM-1351-19', 'ອາທິດ ', 'ວິໄລສັກ', 'Thursday', 'linux system administration', '502', 'HCS6C', 'ບ່າຍ', '2021-2022', NULL, '16:50:00', 1, 0, '2022-05-12'),
(678, 'FCS-AM-1427-19', 'ນີ່ ', 'ຫຼ້າທອງຈັນ', 'Thursday', 'linux system administration', '502', 'HCS6C', 'ບ່າຍ', '2021-2022', NULL, '16:50:00', 1, 0, '2022-05-12'),
(679, 'FCS-AM-1333-19', 'ທະນູໄຊ ', 'ອິນທະວົງ', 'Thursday', 'linux system administration', '502', 'HCS6C', 'ບ່າຍ', '2021-2022', '13:45:00', NULL, 0, 1, '2022-05-19'),
(680, 'FCS-AM-1351-19', 'ອາທິດ ', 'ວິໄລສັກ', 'Thursday', 'linux system administration', '502', 'HCS6C', 'ບ່າຍ', '2021-2022', '13:45:00', NULL, 0, 1, '2022-05-19'),
(681, 'FCS-AM-1427-19', 'ນີ່ ', 'ຫຼ້າທອງຈັນ', 'Thursday', 'linux system administration', '502', 'HCS6C', 'ບ່າຍ', '2021-2022', '13:45:00', NULL, 0, 1, '2022-05-19'),
(682, 'FCS-AM-1333-19', 'ທະນູໄຊ ', 'ອິນທະວົງ', 'Thursday', 'linux system administration', '502', 'HCS6C', 'ບ່າຍ', '2021-2022', NULL, NULL, 1, 1, '2022-05-26'),
(683, 'FCS-AM-1351-19', 'ອາທິດ ', 'ວິໄລສັກ', 'Thursday', 'linux system administration', '502', 'HCS6C', 'ບ່າຍ', '2021-2022', NULL, NULL, 1, 1, '2022-05-26'),
(684, 'FCS-AM-1427-19', 'ນີ່ ', 'ຫຼ້າທອງຈັນ', 'Thursday', 'linux system administration', '502', 'HCS6C', 'ບ່າຍ', '2021-2022', NULL, NULL, 1, 1, '2022-05-26'),
(685, 'FCS-AM-1333-19', 'ທະນູໄຊ ', 'ອິນທະວົງ', 'Thursday', 'linux system administration', '502', 'HCS6C', 'ບ່າຍ', '2021-2022', '13:45:00', NULL, 0, 1, '2022-06-02'),
(686, 'FCS-AM-1351-19', 'ອາທິດ ', 'ວິໄລສັກ', 'Thursday', 'linux system administration', '502', 'HCS6C', 'ບ່າຍ', '2021-2022', '13:45:00', NULL, 0, 1, '2022-06-02'),
(687, 'FCS-AM-1427-19', 'ນີ່ ', 'ຫຼ້າທອງຈັນ', 'Thursday', 'linux system administration', '502', 'HCS6C', 'ບ່າຍ', '2021-2022', '13:45:00', NULL, 0, 1, '2022-06-02'),
(688, 'FCS-AM-1333-19', 'ທະນູໄຊ ', 'ອິນທະວົງ', 'Thursday', 'linux system administration', '502', 'HCS6C', 'ບ່າຍ', '2021-2022', NULL, NULL, 1, 1, '2022-06-09'),
(689, 'FCS-AM-1351-19', 'ອາທິດ ', 'ວິໄລສັກ', 'Thursday', 'linux system administration', '502', 'HCS6C', 'ບ່າຍ', '2021-2022', NULL, NULL, 1, 1, '2022-06-09'),
(690, 'FCS-AM-1427-19', 'ນີ່ ', 'ຫຼ້າທອງຈັນ', 'Thursday', 'linux system administration', '502', 'HCS6C', 'ບ່າຍ', '2021-2022', NULL, NULL, 1, 1, '2022-06-09'),
(691, 'FCS-AM-1333-19', 'ທະນູໄຊ ', 'ອິນທະວົງ', 'Thursday', 'linux system administration', '502', 'HCS6C', 'ບ່າຍ', '2021-2022', NULL, NULL, 1, 1, '2022-05-05'),
(692, 'FCS-AM-1351-19', 'ອາທິດ ', 'ວິໄລສັກ', 'Thursday', 'linux system administration', '502', 'HCS6C', 'ບ່າຍ', '2021-2022', NULL, NULL, 1, 1, '2022-05-05'),
(693, 'FCS-AM-1427-19', 'ນີ່ ', 'ຫຼ້າທອງຈັນ', 'Thursday', 'linux system administration', '502', 'HCS6C', 'ບ່າຍ', '2021-2022', NULL, NULL, 1, 1, '2022-05-05'),
(694, 'FCS-AM-1333-19', 'ທະນູໄຊ ', 'ອິນທະວົງ', 'Thursday', 'linux system administration', '502', 'HCS6C', 'ບ່າຍ', '2021-2022', NULL, '16:50:00', 1, 0, '2022-05-12'),
(695, 'FCS-AM-1351-19', 'ອາທິດ ', 'ວິໄລສັກ', 'Thursday', 'linux system administration', '502', 'HCS6C', 'ບ່າຍ', '2021-2022', NULL, '16:50:00', 1, 0, '2022-05-12'),
(696, 'FCS-AM-1427-19', 'ນີ່ ', 'ຫຼ້າທອງຈັນ', 'Thursday', 'linux system administration', '502', 'HCS6C', 'ບ່າຍ', '2021-2022', NULL, '16:50:00', 1, 0, '2022-05-12'),
(697, 'FCS-AM-1333-19', 'ທະນູໄຊ ', 'ອິນທະວົງ', 'Thursday', 'linux system administration', '502', 'HCS6C', 'ບ່າຍ', '2021-2022', '13:45:00', NULL, 0, 1, '2022-05-19'),
(698, 'FCS-AM-1351-19', 'ອາທິດ ', 'ວິໄລສັກ', 'Thursday', 'linux system administration', '502', 'HCS6C', 'ບ່າຍ', '2021-2022', '13:45:00', NULL, 0, 1, '2022-05-19'),
(699, 'FCS-AM-1427-19', 'ນີ່ ', 'ຫຼ້າທອງຈັນ', 'Thursday', 'linux system administration', '502', 'HCS6C', 'ບ່າຍ', '2021-2022', '13:45:00', NULL, 0, 1, '2022-05-19'),
(700, 'FCS-AM-1333-19', 'ທະນູໄຊ ', 'ອິນທະວົງ', 'Thursday', 'linux system administration', '502', 'HCS6C', 'ບ່າຍ', '2021-2022', NULL, NULL, 1, 1, '2022-05-26'),
(701, 'FCS-AM-1351-19', 'ອາທິດ ', 'ວິໄລສັກ', 'Thursday', 'linux system administration', '502', 'HCS6C', 'ບ່າຍ', '2021-2022', NULL, NULL, 1, 1, '2022-05-26'),
(702, 'FCS-AM-1427-19', 'ນີ່ ', 'ຫຼ້າທອງຈັນ', 'Thursday', 'linux system administration', '502', 'HCS6C', 'ບ່າຍ', '2021-2022', NULL, NULL, 1, 1, '2022-05-26'),
(703, 'FCS-AM-1333-19', 'ທະນູໄຊ ', 'ອິນທະວົງ', 'Thursday', 'linux system administration', '502', 'HCS6C', 'ບ່າຍ', '2021-2022', '13:45:00', NULL, 0, 1, '2022-06-02'),
(704, 'FCS-AM-1351-19', 'ອາທິດ ', 'ວິໄລສັກ', 'Thursday', 'linux system administration', '502', 'HCS6C', 'ບ່າຍ', '2021-2022', '13:45:00', NULL, 0, 1, '2022-06-02'),
(705, 'FCS-AM-1427-19', 'ນີ່ ', 'ຫຼ້າທອງຈັນ', 'Thursday', 'linux system administration', '502', 'HCS6C', 'ບ່າຍ', '2021-2022', '13:45:00', NULL, 0, 1, '2022-06-02'),
(706, 'FCS-AM-1333-19', 'ທະນູໄຊ ', 'ອິນທະວົງ', 'Thursday', 'linux system administration', '502', 'HCS6C', 'ບ່າຍ', '2021-2022', NULL, NULL, 1, 1, '2022-06-09'),
(707, 'FCS-AM-1351-19', 'ອາທິດ ', 'ວິໄລສັກ', 'Thursday', 'linux system administration', '502', 'HCS6C', 'ບ່າຍ', '2021-2022', NULL, NULL, 1, 1, '2022-06-09'),
(708, 'FCS-AM-1427-19', 'ນີ່ ', 'ຫຼ້າທອງຈັນ', 'Thursday', 'linux system administration', '502', 'HCS6C', 'ບ່າຍ', '2021-2022', NULL, NULL, 1, 1, '2022-06-09'),
(709, 'FCS-AM-1333-19', 'ທະນູໄຊ ', 'ອິນທະວົງ', 'Thursday', 'linux system administration', '502', 'HCS6C', 'ບ່າຍ', '2021-2022', '13:30:00', '17:00:00', 0, 0, '2022-06-16'),
(710, 'FCS-AM-1351-19', 'ອາທິດ ', 'ວິໄລສັກ', 'Thursday', 'linux system administration', '502', 'HCS6C', 'ບ່າຍ', '2021-2022', '13:30:00', '17:00:00', 0, 0, '2022-06-16'),
(711, 'FCS-AM-1427-19', 'ນີ່ ', 'ຫຼ້າທອງຈັນ', 'Thursday', 'linux system administration', '502', 'HCS6C', 'ບ່າຍ', '2021-2022', '13:30:00', '17:00:00', 0, 0, '2022-06-16'),
(712, 'FCS-AM-1333-19', 'ທະນູໄຊ ', 'ອິນທະວົງ', 'Thursday', 'linux system administration', '502', 'HCS6C', 'ບ່າຍ', '2021-2022', NULL, NULL, 1, 1, '2022-06-23'),
(713, 'FCS-AM-1351-19', 'ອາທິດ ', 'ວິໄລສັກ', 'Thursday', 'linux system administration', '502', 'HCS6C', 'ບ່າຍ', '2021-2022', NULL, NULL, 1, 1, '2022-06-23'),
(714, 'FCS-AM-1427-19', 'ນີ່ ', 'ຫຼ້າທອງຈັນ', 'Thursday', 'linux system administration', '502', 'HCS6C', 'ບ່າຍ', '2021-2022', NULL, NULL, 1, 1, '2022-06-23'),
(715, 'FCS-AM-1333-19', 'ທະນູໄຊ ', 'ອິນທະວົງ', 'Thursday', 'linux system administration', '502', 'HCS6C', 'ບ່າຍ', '2021-2022', NULL, '16:50:00', 1, 0, '2022-06-30'),
(716, 'FCS-AM-1351-19', 'ອາທິດ ', 'ວິໄລສັກ', 'Thursday', 'linux system administration', '502', 'HCS6C', 'ບ່າຍ', '2021-2022', NULL, '16:50:00', 1, 0, '2022-06-30'),
(717, 'FCS-AM-1427-19', 'ນີ່ ', 'ຫຼ້າທອງຈັນ', 'Thursday', 'linux system administration', '502', 'HCS6C', 'ບ່າຍ', '2021-2022', NULL, '16:50:00', 1, 0, '2022-06-30'),
(718, 'FCS-AM-1333-19', 'ທະນູໄຊ ', 'ອິນທະວົງ', 'Friday', 'Digital Image processing', '401', 'HCS6C', 'ບ່າຍ', '2021-2022', '13:45:00', NULL, 0, 1, '2022-05-06'),
(719, 'FCS-AM-1351-19', 'ອາທິດ ', 'ວິໄລສັກ', 'Friday', 'Digital Image processing', '401', 'HCS6C', 'ບ່າຍ', '2021-2022', '13:45:00', NULL, 0, 1, '2022-05-06'),
(720, 'FCS-AM-1427-19', 'ນີ່ ', 'ຫຼ້າທອງຈັນ', 'Friday', 'Digital Image processing', '401', 'HCS6C', 'ບ່າຍ', '2021-2022', '13:45:00', NULL, 0, 1, '2022-05-06'),
(721, 'FCS-AM-1333-19', 'ທະນູໄຊ ', 'ອິນທະວົງ', 'Friday', 'Digital Image processing', '401', 'HCS6C', 'ບ່າຍ', '2021-2022', '13:30:00', '17:00:00', 0, 0, '2022-05-13'),
(722, 'FCS-AM-1351-19', 'ອາທິດ ', 'ວິໄລສັກ', 'Friday', 'Digital Image processing', '401', 'HCS6C', 'ບ່າຍ', '2021-2022', '13:30:00', '17:00:00', 0, 0, '2022-05-13'),
(723, 'FCS-AM-1427-19', 'ນີ່ ', 'ຫຼ້າທອງຈັນ', 'Friday', 'Digital Image processing', '401', 'HCS6C', 'ບ່າຍ', '2021-2022', '13:30:00', '17:00:00', 0, 0, '2022-05-13'),
(724, 'FCS-AM-1333-19', 'ທະນູໄຊ ', 'ອິນທະວົງ', 'Friday', 'Digital Image processing', '401', 'HCS6C', 'ບ່າຍ', '2021-2022', '13:45:00', NULL, 0, 1, '2022-05-20'),
(725, 'FCS-AM-1351-19', 'ອາທິດ ', 'ວິໄລສັກ', 'Friday', 'Digital Image processing', '401', 'HCS6C', 'ບ່າຍ', '2021-2022', '13:45:00', NULL, 0, 1, '2022-05-20'),
(726, 'FCS-AM-1427-19', 'ນີ່ ', 'ຫຼ້າທອງຈັນ', 'Friday', 'Digital Image processing', '401', 'HCS6C', 'ບ່າຍ', '2021-2022', '13:45:00', NULL, 0, 1, '2022-05-20'),
(727, 'FCS-AM-1333-19', 'ທະນູໄຊ ', 'ອິນທະວົງ', 'Friday', 'Digital Image processing', '401', 'HCS6C', 'ບ່າຍ', '2021-2022', '13:30:00', '17:00:00', 0, 0, '2022-05-27'),
(728, 'FCS-AM-1351-19', 'ອາທິດ ', 'ວິໄລສັກ', 'Friday', 'Digital Image processing', '401', 'HCS6C', 'ບ່າຍ', '2021-2022', '13:30:00', '17:00:00', 0, 0, '2022-05-27'),
(729, 'FCS-AM-1427-19', 'ນີ່ ', 'ຫຼ້າທອງຈັນ', 'Friday', 'Digital Image processing', '401', 'HCS6C', 'ບ່າຍ', '2021-2022', '13:30:00', '17:00:00', 0, 0, '2022-05-27'),
(730, 'FCS-AM-1333-19', 'ທະນູໄຊ ', 'ອິນທະວົງ', 'Friday', 'Digital Image processing', '401', 'HCS6C', 'ບ່າຍ', '2021-2022', NULL, '16:50:00', 1, 0, '2022-06-03'),
(731, 'FCS-AM-1351-19', 'ອາທິດ ', 'ວິໄລສັກ', 'Friday', 'Digital Image processing', '401', 'HCS6C', 'ບ່າຍ', '2021-2022', NULL, '16:50:00', 1, 0, '2022-06-03'),
(732, 'FCS-AM-1427-19', 'ນີ່ ', 'ຫຼ້າທອງຈັນ', 'Friday', 'Digital Image processing', '401', 'HCS6C', 'ບ່າຍ', '2021-2022', NULL, '16:50:00', 1, 0, '2022-06-03'),
(733, 'FCS-AM-1333-19', 'ທະນູໄຊ ', 'ອິນທະວົງ', 'Friday', 'Digital Image processing', '401', 'HCS6C', 'ບ່າຍ', '2021-2022', '13:45:00', NULL, 0, 1, '2022-06-10'),
(734, 'FCS-AM-1351-19', 'ອາທິດ ', 'ວິໄລສັກ', 'Friday', 'Digital Image processing', '401', 'HCS6C', 'ບ່າຍ', '2021-2022', '13:45:00', NULL, 0, 1, '2022-06-10');
INSERT INTO `tb_attandance` (`a_Id`, `st_Id`, `Name`, `Surname`, `d_Name`, `s_Name`, `r_Name`, `cl_Name`, `sc_Period`, `sc_Year`, `time_In`, `time_Out`, `first_Absence`, `second_Absence`, `date`) VALUES
(735, 'FCS-AM-1427-19', 'ນີ່ ', 'ຫຼ້າທອງຈັນ', 'Friday', 'Digital Image processing', '401', 'HCS6C', 'ບ່າຍ', '2021-2022', '13:45:00', NULL, 0, 1, '2022-06-10'),
(736, 'FCS-AM-1333-19', 'ທະນູໄຊ ', 'ອິນທະວົງ', 'Friday', 'Digital Image processing', '401', 'HCS6C', 'ບ່າຍ', '2021-2022', NULL, '16:50:00', 1, 0, '2022-06-17'),
(737, 'FCS-AM-1351-19', 'ອາທິດ ', 'ວິໄລສັກ', 'Friday', 'Digital Image processing', '401', 'HCS6C', 'ບ່າຍ', '2021-2022', NULL, '16:50:00', 1, 0, '2022-06-17'),
(738, 'FCS-AM-1427-19', 'ນີ່ ', 'ຫຼ້າທອງຈັນ', 'Friday', 'Digital Image processing', '401', 'HCS6C', 'ບ່າຍ', '2021-2022', NULL, '16:50:00', 1, 0, '2022-06-17'),
(739, 'FCS-AM-1333-19', 'ທະນູໄຊ ', 'ອິນທະວົງ', 'Friday', 'Digital Image processing', '401', 'HCS6C', 'ບ່າຍ', '2021-2022', '13:30:00', '17:00:00', 0, 0, '2022-06-24'),
(740, 'FCS-AM-1351-19', 'ອາທິດ ', 'ວິໄລສັກ', 'Friday', 'Digital Image processing', '401', 'HCS6C', 'ບ່າຍ', '2021-2022', '13:30:00', '17:00:00', 0, 0, '2022-06-24'),
(741, 'FCS-AM-1427-19', 'ນີ່ ', 'ຫຼ້າທອງຈັນ', 'Friday', 'Digital Image processing', '401', 'HCS6C', 'ບ່າຍ', '2021-2022', '13:30:00', '17:00:00', 0, 0, '2022-06-24'),
(742, 'FCS-AM-1330-19', 'ຄຳຊອບ  ', 'ໄຊຍະແສງ', 'Monday', 'Digital Image processing', '401', 'HCS6D', 'ບ່າຍ', '2021-2022', '13:30:00', '17:00:00', 0, 0, '2022-05-02'),
(743, 'FCS-AM-1343-19', 'ນ້ອຍ ', 'ໄພ​ຍະ​ວົງ', 'Monday', 'Digital Image processing', '401', 'HCS6D', 'ບ່າຍ', '2021-2022', '13:30:00', '17:00:00', 0, 0, '2022-05-02'),
(744, 'FCS-AM-1353-19', 'ສຸພານິດ', 'ວົງສະໄໝ', 'Monday', 'Digital Image processing', '401', 'HCS6D', 'ບ່າຍ', '2021-2022', '13:30:00', '17:00:00', 0, 0, '2022-05-02'),
(745, 'FCS-AM-1424-19', 'ຄອນປະສົງ ', 'ພະກອນຄຳ', 'Monday', 'Digital Image processing', '401', 'HCS6D', 'ບ່າຍ', '2021-2022', '13:30:00', '17:00:00', 0, 0, '2022-05-02'),
(746, 'FCS-AM-1330-19', 'ຄຳຊອບ  ', 'ໄຊຍະແສງ', 'Monday', 'Digital Image processing', '401', 'HCS6D', 'ບ່າຍ', '2021-2022', '13:30:00', '17:00:00', 0, 0, '2022-05-09'),
(747, 'FCS-AM-1343-19', 'ນ້ອຍ ', 'ໄພ​ຍະ​ວົງ', 'Monday', 'Digital Image processing', '401', 'HCS6D', 'ບ່າຍ', '2021-2022', '13:30:00', '17:00:00', 0, 0, '2022-05-09'),
(748, 'FCS-AM-1353-19', 'ສຸພານິດ', 'ວົງສະໄໝ', 'Monday', 'Digital Image processing', '401', 'HCS6D', 'ບ່າຍ', '2021-2022', '13:30:00', '17:00:00', 0, 0, '2022-05-09'),
(749, 'FCS-AM-1424-19', 'ຄອນປະສົງ ', 'ພະກອນຄຳ', 'Monday', 'Digital Image processing', '401', 'HCS6D', 'ບ່າຍ', '2021-2022', '13:30:00', '17:00:00', 0, 0, '2022-05-09'),
(750, 'FCS-AM-1330-19', 'ຄຳຊອບ  ', 'ໄຊຍະແສງ', 'Monday', 'Digital Image processing', '401', 'HCS6D', 'ບ່າຍ', '2021-2022', '13:30:00', '17:00:00', 0, 0, '2022-05-16'),
(751, 'FCS-AM-1343-19', 'ນ້ອຍ ', 'ໄພ​ຍະ​ວົງ', 'Monday', 'Digital Image processing', '401', 'HCS6D', 'ບ່າຍ', '2021-2022', '13:30:00', '17:00:00', 0, 0, '2022-05-16'),
(752, 'FCS-AM-1353-19', 'ສຸພານິດ', 'ວົງສະໄໝ', 'Monday', 'Digital Image processing', '401', 'HCS6D', 'ບ່າຍ', '2021-2022', '13:30:00', '17:00:00', 0, 0, '2022-05-16'),
(753, 'FCS-AM-1424-19', 'ຄອນປະສົງ ', 'ພະກອນຄຳ', 'Monday', 'Digital Image processing', '401', 'HCS6D', 'ບ່າຍ', '2021-2022', '13:30:00', '17:00:00', 0, 0, '2022-05-16'),
(754, 'FCS-AM-1330-19', 'ຄຳຊອບ  ', 'ໄຊຍະແສງ', 'Monday', 'Digital Image processing', '401', 'HCS6D', 'ບ່າຍ', '2021-2022', NULL, '16:50:00', 1, 0, '2022-05-23'),
(755, 'FCS-AM-1343-19', 'ນ້ອຍ ', 'ໄພ​ຍະ​ວົງ', 'Monday', 'Digital Image processing', '401', 'HCS6D', 'ບ່າຍ', '2021-2022', NULL, '16:50:00', 1, 0, '2022-05-23'),
(756, 'FCS-AM-1353-19', 'ສຸພານິດ', 'ວົງສະໄໝ', 'Monday', 'Digital Image processing', '401', 'HCS6D', 'ບ່າຍ', '2021-2022', NULL, '16:50:00', 1, 0, '2022-05-23'),
(757, 'FCS-AM-1424-19', 'ຄອນປະສົງ ', 'ພະກອນຄຳ', 'Monday', 'Digital Image processing', '401', 'HCS6D', 'ບ່າຍ', '2021-2022', NULL, '16:50:00', 1, 0, '2022-05-23'),
(758, 'FCS-AM-1330-19', 'ຄຳຊອບ  ', 'ໄຊຍະແສງ', 'Monday', 'Digital Image processing', '401', 'HCS6D', 'ບ່າຍ', '2021-2022', NULL, NULL, 1, 1, '2022-05-30'),
(759, 'FCS-AM-1343-19', 'ນ້ອຍ ', 'ໄພ​ຍະ​ວົງ', 'Monday', 'Digital Image processing', '401', 'HCS6D', 'ບ່າຍ', '2021-2022', NULL, NULL, 1, 1, '2022-05-30'),
(760, 'FCS-AM-1353-19', 'ສຸພານິດ', 'ວົງສະໄໝ', 'Monday', 'Digital Image processing', '401', 'HCS6D', 'ບ່າຍ', '2021-2022', NULL, NULL, 1, 1, '2022-05-30'),
(761, 'FCS-AM-1424-19', 'ຄອນປະສົງ ', 'ພະກອນຄຳ', 'Monday', 'Digital Image processing', '401', 'HCS6D', 'ບ່າຍ', '2021-2022', NULL, NULL, 1, 1, '2022-05-30'),
(762, 'FCS-AM-1330-19', 'ຄຳຊອບ  ', 'ໄຊຍະແສງ', 'Monday', 'Digital Image processing', '401', 'HCS6D', 'ບ່າຍ', '2021-2022', NULL, NULL, 1, 1, '2022-06-06'),
(763, 'FCS-AM-1343-19', 'ນ້ອຍ ', 'ໄພ​ຍະ​ວົງ', 'Monday', 'Digital Image processing', '401', 'HCS6D', 'ບ່າຍ', '2021-2022', NULL, NULL, 1, 1, '2022-06-06'),
(764, 'FCS-AM-1353-19', 'ສຸພານິດ', 'ວົງສະໄໝ', 'Monday', 'Digital Image processing', '401', 'HCS6D', 'ບ່າຍ', '2021-2022', NULL, NULL, 1, 1, '2022-06-06'),
(765, 'FCS-AM-1424-19', 'ຄອນປະສົງ ', 'ພະກອນຄຳ', 'Monday', 'Digital Image processing', '401', 'HCS6D', 'ບ່າຍ', '2021-2022', NULL, NULL, 1, 1, '2022-06-06'),
(766, 'FCS-AM-1330-19', 'ຄຳຊອບ  ', 'ໄຊຍະແສງ', 'Monday', 'Digital Image processing', '401', 'HCS6D', 'ບ່າຍ', '2021-2022', NULL, NULL, 1, 1, '2022-06-13'),
(767, 'FCS-AM-1343-19', 'ນ້ອຍ ', 'ໄພ​ຍະ​ວົງ', 'Monday', 'Digital Image processing', '401', 'HCS6D', 'ບ່າຍ', '2021-2022', NULL, NULL, 1, 1, '2022-06-13'),
(768, 'FCS-AM-1353-19', 'ສຸພານິດ', 'ວົງສະໄໝ', 'Monday', 'Digital Image processing', '401', 'HCS6D', 'ບ່າຍ', '2021-2022', NULL, NULL, 1, 1, '2022-06-13'),
(769, 'FCS-AM-1424-19', 'ຄອນປະສົງ ', 'ພະກອນຄຳ', 'Monday', 'Digital Image processing', '401', 'HCS6D', 'ບ່າຍ', '2021-2022', NULL, NULL, 1, 1, '2022-06-13'),
(770, 'FCS-AM-1330-19', 'ຄຳຊອບ  ', 'ໄຊຍະແສງ', 'Monday', 'Digital Image processing', '401', 'HCS6D', 'ບ່າຍ', '2021-2022', NULL, '16:50:00', 1, 0, '2022-06-20'),
(771, 'FCS-AM-1343-19', 'ນ້ອຍ ', 'ໄພ​ຍະ​ວົງ', 'Monday', 'Digital Image processing', '401', 'HCS6D', 'ບ່າຍ', '2021-2022', NULL, '16:50:00', 1, 0, '2022-06-20'),
(772, 'FCS-AM-1353-19', 'ສຸພານິດ', 'ວົງສະໄໝ', 'Monday', 'Digital Image processing', '401', 'HCS6D', 'ບ່າຍ', '2021-2022', NULL, '16:50:00', 1, 0, '2022-06-20'),
(773, 'FCS-AM-1424-19', 'ຄອນປະສົງ ', 'ພະກອນຄຳ', 'Monday', 'Digital Image processing', '401', 'HCS6D', 'ບ່າຍ', '2021-2022', NULL, '16:50:00', 1, 0, '2022-06-20'),
(774, 'FCS-AM-1330-19', 'ຄຳຊອບ  ', 'ໄຊຍະແສງ', 'Monday', 'Digital Image processing', '401', 'HCS6D', 'ບ່າຍ', '2021-2022', NULL, NULL, 1, 1, '2022-06-27'),
(775, 'FCS-AM-1343-19', 'ນ້ອຍ ', 'ໄພ​ຍະ​ວົງ', 'Monday', 'Digital Image processing', '401', 'HCS6D', 'ບ່າຍ', '2021-2022', NULL, NULL, 1, 1, '2022-06-27'),
(776, 'FCS-AM-1353-19', 'ສຸພານິດ', 'ວົງສະໄໝ', 'Monday', 'Digital Image processing', '401', 'HCS6D', 'ບ່າຍ', '2021-2022', NULL, NULL, 1, 1, '2022-06-27'),
(777, 'FCS-AM-1424-19', 'ຄອນປະສົງ ', 'ພະກອນຄຳ', 'Monday', 'Digital Image processing', '401', 'HCS6D', 'ບ່າຍ', '2021-2022', NULL, NULL, 1, 1, '2022-06-27'),
(778, 'FCS-AM-1330-19', 'ຄຳຊອບ  ', 'ໄຊຍະແສງ', 'Tuesday', 'Mobile Application Programming', '307', 'HCS6D', 'ບ່າຍ', '2021-2022', NULL, NULL, 1, 1, '2022-05-03'),
(779, 'FCS-AM-1343-19', 'ນ້ອຍ ', 'ໄພ​ຍະ​ວົງ', 'Tuesday', 'Mobile Application Programming', '307', 'HCS6D', 'ບ່າຍ', '2021-2022', NULL, NULL, 1, 1, '2022-05-03'),
(780, 'FCS-AM-1353-19', 'ສຸພານິດ', 'ວົງສະໄໝ', 'Tuesday', 'Mobile Application Programming', '307', 'HCS6D', 'ບ່າຍ', '2021-2022', NULL, NULL, 1, 1, '2022-05-03'),
(781, 'FCS-AM-1424-19', 'ຄອນປະສົງ ', 'ພະກອນຄຳ', 'Tuesday', 'Mobile Application Programming', '307', 'HCS6D', 'ບ່າຍ', '2021-2022', NULL, NULL, 1, 1, '2022-05-03'),
(782, 'FCS-AM-1330-19', 'ຄຳຊອບ  ', 'ໄຊຍະແສງ', 'Tuesday', 'Mobile Application Programming', '307', 'HCS6D', 'ບ່າຍ', '2021-2022', NULL, '16:50:00', 1, 0, '2022-05-10'),
(783, 'FCS-AM-1343-19', 'ນ້ອຍ ', 'ໄພ​ຍະ​ວົງ', 'Tuesday', 'Mobile Application Programming', '307', 'HCS6D', 'ບ່າຍ', '2021-2022', NULL, '16:50:00', 1, 0, '2022-05-10'),
(784, 'FCS-AM-1353-19', 'ສຸພານິດ', 'ວົງສະໄໝ', 'Tuesday', 'Mobile Application Programming', '307', 'HCS6D', 'ບ່າຍ', '2021-2022', NULL, '16:50:00', 1, 0, '2022-05-10'),
(785, 'FCS-AM-1424-19', 'ຄອນປະສົງ ', 'ພະກອນຄຳ', 'Tuesday', 'Mobile Application Programming', '307', 'HCS6D', 'ບ່າຍ', '2021-2022', NULL, '16:50:00', 1, 0, '2022-05-10'),
(786, 'FCS-AM-1330-19', 'ຄຳຊອບ  ', 'ໄຊຍະແສງ', 'Tuesday', 'Mobile Application Programming', '307', 'HCS6D', 'ບ່າຍ', '2021-2022', NULL, NULL, 1, 1, '2022-05-17'),
(787, 'FCS-AM-1343-19', 'ນ້ອຍ ', 'ໄພ​ຍະ​ວົງ', 'Tuesday', 'Mobile Application Programming', '307', 'HCS6D', 'ບ່າຍ', '2021-2022', NULL, NULL, 1, 1, '2022-05-17'),
(788, 'FCS-AM-1353-19', 'ສຸພານິດ', 'ວົງສະໄໝ', 'Tuesday', 'Mobile Application Programming', '307', 'HCS6D', 'ບ່າຍ', '2021-2022', NULL, NULL, 1, 1, '2022-05-17'),
(789, 'FCS-AM-1424-19', 'ຄອນປະສົງ ', 'ພະກອນຄຳ', 'Tuesday', 'Mobile Application Programming', '307', 'HCS6D', 'ບ່າຍ', '2021-2022', NULL, NULL, 1, 1, '2022-05-17'),
(790, 'FCS-AM-1330-19', 'ຄຳຊອບ  ', 'ໄຊຍະແສງ', 'Tuesday', 'Mobile Application Programming', '307', 'HCS6D', 'ບ່າຍ', '2021-2022', '13:30:00', '17:00:00', 0, 0, '2022-05-24'),
(791, 'FCS-AM-1343-19', 'ນ້ອຍ ', 'ໄພ​ຍະ​ວົງ', 'Tuesday', 'Mobile Application Programming', '307', 'HCS6D', 'ບ່າຍ', '2021-2022', '13:30:00', '17:00:00', 0, 0, '2022-05-24'),
(792, 'FCS-AM-1353-19', 'ສຸພານິດ', 'ວົງສະໄໝ', 'Tuesday', 'Mobile Application Programming', '307', 'HCS6D', 'ບ່າຍ', '2021-2022', '13:30:00', '17:00:00', 0, 0, '2022-05-24'),
(793, 'FCS-AM-1424-19', 'ຄອນປະສົງ ', 'ພະກອນຄຳ', 'Tuesday', 'Mobile Application Programming', '307', 'HCS6D', 'ບ່າຍ', '2021-2022', '13:30:00', '17:00:00', 0, 0, '2022-05-24'),
(794, 'FCS-AM-1330-19', 'ຄຳຊອບ  ', 'ໄຊຍະແສງ', 'Tuesday', 'Mobile Application Programming', '307', 'HCS6D', 'ບ່າຍ', '2021-2022', '13:45:00', NULL, 0, 1, '2022-05-31'),
(795, 'FCS-AM-1343-19', 'ນ້ອຍ ', 'ໄພ​ຍະ​ວົງ', 'Tuesday', 'Mobile Application Programming', '307', 'HCS6D', 'ບ່າຍ', '2021-2022', '13:45:00', NULL, 0, 1, '2022-05-31'),
(796, 'FCS-AM-1353-19', 'ສຸພານິດ', 'ວົງສະໄໝ', 'Tuesday', 'Mobile Application Programming', '307', 'HCS6D', 'ບ່າຍ', '2021-2022', '13:45:00', NULL, 0, 1, '2022-05-31'),
(797, 'FCS-AM-1424-19', 'ຄອນປະສົງ ', 'ພະກອນຄຳ', 'Tuesday', 'Mobile Application Programming', '307', 'HCS6D', 'ບ່າຍ', '2021-2022', '13:45:00', NULL, 0, 1, '2022-05-31'),
(798, 'FCS-AM-1330-19', 'ຄຳຊອບ  ', 'ໄຊຍະແສງ', 'Tuesday', 'Mobile Application Programming', '307', 'HCS6D', 'ບ່າຍ', '2021-2022', NULL, NULL, 1, 1, '2022-06-07'),
(799, 'FCS-AM-1343-19', 'ນ້ອຍ ', 'ໄພ​ຍະ​ວົງ', 'Tuesday', 'Mobile Application Programming', '307', 'HCS6D', 'ບ່າຍ', '2021-2022', NULL, NULL, 1, 1, '2022-06-07'),
(800, 'FCS-AM-1353-19', 'ສຸພານິດ', 'ວົງສະໄໝ', 'Tuesday', 'Mobile Application Programming', '307', 'HCS6D', 'ບ່າຍ', '2021-2022', NULL, NULL, 1, 1, '2022-06-07'),
(801, 'FCS-AM-1424-19', 'ຄອນປະສົງ ', 'ພະກອນຄຳ', 'Tuesday', 'Mobile Application Programming', '307', 'HCS6D', 'ບ່າຍ', '2021-2022', NULL, NULL, 1, 1, '2022-06-07'),
(802, 'FCS-AM-1330-19', 'ຄຳຊອບ  ', 'ໄຊຍະແສງ', 'Tuesday', 'Mobile Application Programming', '307', 'HCS6D', 'ບ່າຍ', '2021-2022', '13:45:00', NULL, 0, 1, '2022-06-14'),
(803, 'FCS-AM-1343-19', 'ນ້ອຍ ', 'ໄພ​ຍະ​ວົງ', 'Tuesday', 'Mobile Application Programming', '307', 'HCS6D', 'ບ່າຍ', '2021-2022', '13:45:00', NULL, 0, 1, '2022-06-14'),
(804, 'FCS-AM-1353-19', 'ສຸພານິດ', 'ວົງສະໄໝ', 'Tuesday', 'Mobile Application Programming', '307', 'HCS6D', 'ບ່າຍ', '2021-2022', '13:45:00', NULL, 0, 1, '2022-06-14'),
(805, 'FCS-AM-1424-19', 'ຄອນປະສົງ ', 'ພະກອນຄຳ', 'Tuesday', 'Mobile Application Programming', '307', 'HCS6D', 'ບ່າຍ', '2021-2022', '13:45:00', NULL, 0, 1, '2022-06-14'),
(806, 'FCS-AM-1330-19', 'ຄຳຊອບ  ', 'ໄຊຍະແສງ', 'Tuesday', 'Mobile Application Programming', '307', 'HCS6D', 'ບ່າຍ', '2021-2022', '13:45:00', NULL, 0, 1, '2022-06-21'),
(807, 'FCS-AM-1343-19', 'ນ້ອຍ ', 'ໄພ​ຍະ​ວົງ', 'Tuesday', 'Mobile Application Programming', '307', 'HCS6D', 'ບ່າຍ', '2021-2022', '13:45:00', NULL, 0, 1, '2022-06-21'),
(808, 'FCS-AM-1353-19', 'ສຸພານິດ', 'ວົງສະໄໝ', 'Tuesday', 'Mobile Application Programming', '307', 'HCS6D', 'ບ່າຍ', '2021-2022', '13:45:00', NULL, 0, 1, '2022-06-21'),
(809, 'FCS-AM-1424-19', 'ຄອນປະສົງ ', 'ພະກອນຄຳ', 'Tuesday', 'Mobile Application Programming', '307', 'HCS6D', 'ບ່າຍ', '2021-2022', '13:45:00', NULL, 0, 1, '2022-06-21'),
(810, 'FCS-AM-1330-19', 'ຄຳຊອບ  ', 'ໄຊຍະແສງ', 'Tuesday', 'Mobile Application Programming', '307', 'HCS6D', 'ບ່າຍ', '2021-2022', '13:45:00', NULL, 0, 1, '2022-06-28'),
(811, 'FCS-AM-1343-19', 'ນ້ອຍ ', 'ໄພ​ຍະ​ວົງ', 'Tuesday', 'Mobile Application Programming', '307', 'HCS6D', 'ບ່າຍ', '2021-2022', '13:45:00', NULL, 0, 1, '2022-06-28'),
(812, 'FCS-AM-1353-19', 'ສຸພານິດ', 'ວົງສະໄໝ', 'Tuesday', 'Mobile Application Programming', '307', 'HCS6D', 'ບ່າຍ', '2021-2022', '13:45:00', NULL, 0, 1, '2022-06-28'),
(813, 'FCS-AM-1424-19', 'ຄອນປະສົງ ', 'ພະກອນຄຳ', 'Tuesday', 'Mobile Application Programming', '307', 'HCS6D', 'ບ່າຍ', '2021-2022', '13:45:00', NULL, 0, 1, '2022-06-28'),
(814, 'FCS-AM-1330-19', 'ຄຳຊອບ  ', 'ໄຊຍະແສງ', 'Wednesday', 'wireless communication system', '401', 'HCS6D', 'ບ່າຍ', '2021-2022', '13:30:00', '17:00:00', 0, 0, '2022-05-04'),
(815, 'FCS-AM-1343-19', 'ນ້ອຍ ', 'ໄພ​ຍະ​ວົງ', 'Wednesday', 'wireless communication system', '401', 'HCS6D', 'ບ່າຍ', '2021-2022', '13:30:00', '17:00:00', 0, 0, '2022-05-04'),
(816, 'FCS-AM-1353-19', 'ສຸພານິດ', 'ວົງສະໄໝ', 'Wednesday', 'wireless communication system', '401', 'HCS6D', 'ບ່າຍ', '2021-2022', '13:30:00', '17:00:00', 0, 0, '2022-05-04'),
(817, 'FCS-AM-1424-19', 'ຄອນປະສົງ ', 'ພະກອນຄຳ', 'Wednesday', 'wireless communication system', '401', 'HCS6D', 'ບ່າຍ', '2021-2022', '13:30:00', '17:00:00', 0, 0, '2022-05-04'),
(818, 'FCS-AM-1330-19', 'ຄຳຊອບ  ', 'ໄຊຍະແສງ', 'Wednesday', 'wireless communication system', '401', 'HCS6D', 'ບ່າຍ', '2021-2022', '13:30:00', '17:00:00', 0, 0, '2022-05-11'),
(819, 'FCS-AM-1343-19', 'ນ້ອຍ ', 'ໄພ​ຍະ​ວົງ', 'Wednesday', 'wireless communication system', '401', 'HCS6D', 'ບ່າຍ', '2021-2022', '13:30:00', '17:00:00', 0, 0, '2022-05-11'),
(820, 'FCS-AM-1353-19', 'ສຸພານິດ', 'ວົງສະໄໝ', 'Wednesday', 'wireless communication system', '401', 'HCS6D', 'ບ່າຍ', '2021-2022', '13:30:00', '17:00:00', 0, 0, '2022-05-11'),
(821, 'FCS-AM-1424-19', 'ຄອນປະສົງ ', 'ພະກອນຄຳ', 'Wednesday', 'wireless communication system', '401', 'HCS6D', 'ບ່າຍ', '2021-2022', '13:30:00', '17:00:00', 0, 0, '2022-05-11'),
(822, 'FCS-AM-1330-19', 'ຄຳຊອບ  ', 'ໄຊຍະແສງ', 'Wednesday', 'wireless communication system', '401', 'HCS6D', 'ບ່າຍ', '2021-2022', NULL, '16:50:00', 1, 0, '2022-05-18'),
(823, 'FCS-AM-1343-19', 'ນ້ອຍ ', 'ໄພ​ຍະ​ວົງ', 'Wednesday', 'wireless communication system', '401', 'HCS6D', 'ບ່າຍ', '2021-2022', NULL, '16:50:00', 1, 0, '2022-05-18'),
(824, 'FCS-AM-1353-19', 'ສຸພານິດ', 'ວົງສະໄໝ', 'Wednesday', 'wireless communication system', '401', 'HCS6D', 'ບ່າຍ', '2021-2022', NULL, '16:50:00', 1, 0, '2022-05-18'),
(825, 'FCS-AM-1424-19', 'ຄອນປະສົງ ', 'ພະກອນຄຳ', 'Wednesday', 'wireless communication system', '401', 'HCS6D', 'ບ່າຍ', '2021-2022', NULL, '16:50:00', 1, 0, '2022-05-18'),
(826, 'FCS-AM-1330-19', 'ຄຳຊອບ  ', 'ໄຊຍະແສງ', 'Wednesday', 'wireless communication system', '401', 'HCS6D', 'ບ່າຍ', '2021-2022', NULL, '16:50:00', 1, 0, '2022-05-25'),
(827, 'FCS-AM-1343-19', 'ນ້ອຍ ', 'ໄພ​ຍະ​ວົງ', 'Wednesday', 'wireless communication system', '401', 'HCS6D', 'ບ່າຍ', '2021-2022', NULL, '16:50:00', 1, 0, '2022-05-25'),
(828, 'FCS-AM-1353-19', 'ສຸພານິດ', 'ວົງສະໄໝ', 'Wednesday', 'wireless communication system', '401', 'HCS6D', 'ບ່າຍ', '2021-2022', NULL, '16:50:00', 1, 0, '2022-05-25'),
(829, 'FCS-AM-1424-19', 'ຄອນປະສົງ ', 'ພະກອນຄຳ', 'Wednesday', 'wireless communication system', '401', 'HCS6D', 'ບ່າຍ', '2021-2022', NULL, '16:50:00', 1, 0, '2022-05-25'),
(830, 'FCS-AM-1330-19', 'ຄຳຊອບ  ', 'ໄຊຍະແສງ', 'Wednesday', 'wireless communication system', '401', 'HCS6D', 'ບ່າຍ', '2021-2022', NULL, '16:50:00', 1, 0, '2022-06-01'),
(831, 'FCS-AM-1343-19', 'ນ້ອຍ ', 'ໄພ​ຍະ​ວົງ', 'Wednesday', 'wireless communication system', '401', 'HCS6D', 'ບ່າຍ', '2021-2022', NULL, '16:50:00', 1, 0, '2022-06-01'),
(832, 'FCS-AM-1353-19', 'ສຸພານິດ', 'ວົງສະໄໝ', 'Wednesday', 'wireless communication system', '401', 'HCS6D', 'ບ່າຍ', '2021-2022', NULL, '16:50:00', 1, 0, '2022-06-01'),
(833, 'FCS-AM-1424-19', 'ຄອນປະສົງ ', 'ພະກອນຄຳ', 'Wednesday', 'wireless communication system', '401', 'HCS6D', 'ບ່າຍ', '2021-2022', NULL, '16:50:00', 1, 0, '2022-06-01'),
(834, 'FCS-AM-1330-19', 'ຄຳຊອບ  ', 'ໄຊຍະແສງ', 'Wednesday', 'wireless communication system', '401', 'HCS6D', 'ບ່າຍ', '2021-2022', NULL, NULL, 1, 1, '2022-06-08'),
(835, 'FCS-AM-1343-19', 'ນ້ອຍ ', 'ໄພ​ຍະ​ວົງ', 'Wednesday', 'wireless communication system', '401', 'HCS6D', 'ບ່າຍ', '2021-2022', NULL, NULL, 1, 1, '2022-06-08'),
(836, 'FCS-AM-1353-19', 'ສຸພານິດ', 'ວົງສະໄໝ', 'Wednesday', 'wireless communication system', '401', 'HCS6D', 'ບ່າຍ', '2021-2022', NULL, NULL, 1, 1, '2022-06-08'),
(837, 'FCS-AM-1424-19', 'ຄອນປະສົງ ', 'ພະກອນຄຳ', 'Wednesday', 'wireless communication system', '401', 'HCS6D', 'ບ່າຍ', '2021-2022', NULL, NULL, 1, 1, '2022-06-08'),
(838, 'FCS-AM-1330-19', 'ຄຳຊອບ  ', 'ໄຊຍະແສງ', 'Wednesday', 'wireless communication system', '401', 'HCS6D', 'ບ່າຍ', '2021-2022', '13:45:00', NULL, 0, 1, '2022-06-15'),
(839, 'FCS-AM-1343-19', 'ນ້ອຍ ', 'ໄພ​ຍະ​ວົງ', 'Wednesday', 'wireless communication system', '401', 'HCS6D', 'ບ່າຍ', '2021-2022', '13:45:00', NULL, 0, 1, '2022-06-15'),
(840, 'FCS-AM-1353-19', 'ສຸພານິດ', 'ວົງສະໄໝ', 'Wednesday', 'wireless communication system', '401', 'HCS6D', 'ບ່າຍ', '2021-2022', '13:45:00', NULL, 0, 1, '2022-06-15'),
(841, 'FCS-AM-1424-19', 'ຄອນປະສົງ ', 'ພະກອນຄຳ', 'Wednesday', 'wireless communication system', '401', 'HCS6D', 'ບ່າຍ', '2021-2022', '13:45:00', NULL, 0, 1, '2022-06-15'),
(842, 'FCS-AM-1330-19', 'ຄຳຊອບ  ', 'ໄຊຍະແສງ', 'Wednesday', 'wireless communication system', '401', 'HCS6D', 'ບ່າຍ', '2021-2022', '13:30:00', '17:00:00', 0, 0, '2022-06-22'),
(843, 'FCS-AM-1343-19', 'ນ້ອຍ ', 'ໄພ​ຍະ​ວົງ', 'Wednesday', 'wireless communication system', '401', 'HCS6D', 'ບ່າຍ', '2021-2022', '13:30:00', '17:00:00', 0, 0, '2022-06-22'),
(844, 'FCS-AM-1353-19', 'ສຸພານິດ', 'ວົງສະໄໝ', 'Wednesday', 'wireless communication system', '401', 'HCS6D', 'ບ່າຍ', '2021-2022', '13:30:00', '17:00:00', 0, 0, '2022-06-22'),
(845, 'FCS-AM-1424-19', 'ຄອນປະສົງ ', 'ພະກອນຄຳ', 'Wednesday', 'wireless communication system', '401', 'HCS6D', 'ບ່າຍ', '2021-2022', '13:30:00', '17:00:00', 0, 0, '2022-06-22'),
(846, 'FCS-AM-1330-19', 'ຄຳຊອບ  ', 'ໄຊຍະແສງ', 'Wednesday', 'wireless communication system', '401', 'HCS6D', 'ບ່າຍ', '2021-2022', '13:45:00', NULL, 0, 1, '2022-06-29'),
(847, 'FCS-AM-1343-19', 'ນ້ອຍ ', 'ໄພ​ຍະ​ວົງ', 'Wednesday', 'wireless communication system', '401', 'HCS6D', 'ບ່າຍ', '2021-2022', '13:45:00', NULL, 0, 1, '2022-06-29'),
(848, 'FCS-AM-1353-19', 'ສຸພານິດ', 'ວົງສະໄໝ', 'Wednesday', 'wireless communication system', '401', 'HCS6D', 'ບ່າຍ', '2021-2022', '13:45:00', NULL, 0, 1, '2022-06-29'),
(849, 'FCS-AM-1424-19', 'ຄອນປະສົງ ', 'ພະກອນຄຳ', 'Wednesday', 'wireless communication system', '401', 'HCS6D', 'ບ່າຍ', '2021-2022', '13:45:00', NULL, 0, 1, '2022-06-29'),
(850, 'FCS-AM-1330-19', 'ຄຳຊອບ  ', 'ໄຊຍະແສງ', 'Thursday', 'software programming with java2', '309', 'HCS6D', 'ບ່າຍ', '2021-2022', '13:30:00', '17:00:00', 0, 0, '2022-05-05'),
(851, 'FCS-AM-1343-19', 'ນ້ອຍ ', 'ໄພ​ຍະ​ວົງ', 'Thursday', 'software programming with java2', '309', 'HCS6D', 'ບ່າຍ', '2021-2022', '13:30:00', '17:00:00', 0, 0, '2022-05-05'),
(852, 'FCS-AM-1353-19', 'ສຸພານິດ', 'ວົງສະໄໝ', 'Thursday', 'software programming with java2', '309', 'HCS6D', 'ບ່າຍ', '2021-2022', '13:30:00', '17:00:00', 0, 0, '2022-05-05'),
(853, 'FCS-AM-1424-19', 'ຄອນປະສົງ ', 'ພະກອນຄຳ', 'Thursday', 'software programming with java2', '309', 'HCS6D', 'ບ່າຍ', '2021-2022', '13:30:00', '17:00:00', 0, 0, '2022-05-05'),
(854, 'FCS-AM-1330-19', 'ຄຳຊອບ  ', 'ໄຊຍະແສງ', 'Thursday', 'software programming with java2', '309', 'HCS6D', 'ບ່າຍ', '2021-2022', '13:30:00', '17:00:00', 0, 0, '2022-05-12'),
(855, 'FCS-AM-1343-19', 'ນ້ອຍ ', 'ໄພ​ຍະ​ວົງ', 'Thursday', 'software programming with java2', '309', 'HCS6D', 'ບ່າຍ', '2021-2022', '13:30:00', '17:00:00', 0, 0, '2022-05-12'),
(856, 'FCS-AM-1353-19', 'ສຸພານິດ', 'ວົງສະໄໝ', 'Thursday', 'software programming with java2', '309', 'HCS6D', 'ບ່າຍ', '2021-2022', '13:30:00', '17:00:00', 0, 0, '2022-05-12'),
(857, 'FCS-AM-1424-19', 'ຄອນປະສົງ ', 'ພະກອນຄຳ', 'Thursday', 'software programming with java2', '309', 'HCS6D', 'ບ່າຍ', '2021-2022', '13:30:00', '17:00:00', 0, 0, '2022-05-12'),
(858, 'FCS-AM-1330-19', 'ຄຳຊອບ  ', 'ໄຊຍະແສງ', 'Thursday', 'software programming with java2', '309', 'HCS6D', 'ບ່າຍ', '2021-2022', NULL, '16:50:00', 1, 0, '2022-05-19'),
(859, 'FCS-AM-1343-19', 'ນ້ອຍ ', 'ໄພ​ຍະ​ວົງ', 'Thursday', 'software programming with java2', '309', 'HCS6D', 'ບ່າຍ', '2021-2022', NULL, '16:50:00', 1, 0, '2022-05-19'),
(860, 'FCS-AM-1353-19', 'ສຸພານິດ', 'ວົງສະໄໝ', 'Thursday', 'software programming with java2', '309', 'HCS6D', 'ບ່າຍ', '2021-2022', NULL, '16:50:00', 1, 0, '2022-05-19'),
(861, 'FCS-AM-1424-19', 'ຄອນປະສົງ ', 'ພະກອນຄຳ', 'Thursday', 'software programming with java2', '309', 'HCS6D', 'ບ່າຍ', '2021-2022', NULL, '16:50:00', 1, 0, '2022-05-19'),
(862, 'FCS-AM-1330-19', 'ຄຳຊອບ  ', 'ໄຊຍະແສງ', 'Thursday', 'software programming with java2', '309', 'HCS6D', 'ບ່າຍ', '2021-2022', NULL, '16:50:00', 1, 0, '2022-05-26'),
(863, 'FCS-AM-1343-19', 'ນ້ອຍ ', 'ໄພ​ຍະ​ວົງ', 'Thursday', 'software programming with java2', '309', 'HCS6D', 'ບ່າຍ', '2021-2022', NULL, '16:50:00', 1, 0, '2022-05-26'),
(864, 'FCS-AM-1353-19', 'ສຸພານິດ', 'ວົງສະໄໝ', 'Thursday', 'software programming with java2', '309', 'HCS6D', 'ບ່າຍ', '2021-2022', NULL, '16:50:00', 1, 0, '2022-05-26'),
(865, 'FCS-AM-1424-19', 'ຄອນປະສົງ ', 'ພະກອນຄຳ', 'Thursday', 'software programming with java2', '309', 'HCS6D', 'ບ່າຍ', '2021-2022', NULL, '16:50:00', 1, 0, '2022-05-26'),
(866, 'FCS-AM-1330-19', 'ຄຳຊອບ  ', 'ໄຊຍະແສງ', 'Thursday', 'software programming with java2', '309', 'HCS6D', 'ບ່າຍ', '2021-2022', '13:45:00', NULL, 0, 1, '2022-06-02'),
(867, 'FCS-AM-1343-19', 'ນ້ອຍ ', 'ໄພ​ຍະ​ວົງ', 'Thursday', 'software programming with java2', '309', 'HCS6D', 'ບ່າຍ', '2021-2022', '13:45:00', NULL, 0, 1, '2022-06-02'),
(868, 'FCS-AM-1353-19', 'ສຸພານິດ', 'ວົງສະໄໝ', 'Thursday', 'software programming with java2', '309', 'HCS6D', 'ບ່າຍ', '2021-2022', '13:45:00', NULL, 0, 1, '2022-06-02'),
(869, 'FCS-AM-1424-19', 'ຄອນປະສົງ ', 'ພະກອນຄຳ', 'Thursday', 'software programming with java2', '309', 'HCS6D', 'ບ່າຍ', '2021-2022', '13:45:00', NULL, 0, 1, '2022-06-02'),
(870, 'FCS-AM-1330-19', 'ຄຳຊອບ  ', 'ໄຊຍະແສງ', 'Thursday', 'software programming with java2', '309', 'HCS6D', 'ບ່າຍ', '2021-2022', '13:30:00', '17:00:00', 0, 0, '2022-06-09'),
(871, 'FCS-AM-1343-19', 'ນ້ອຍ ', 'ໄພ​ຍະ​ວົງ', 'Thursday', 'software programming with java2', '309', 'HCS6D', 'ບ່າຍ', '2021-2022', '13:30:00', '17:00:00', 0, 0, '2022-06-09'),
(872, 'FCS-AM-1353-19', 'ສຸພານິດ', 'ວົງສະໄໝ', 'Thursday', 'software programming with java2', '309', 'HCS6D', 'ບ່າຍ', '2021-2022', '13:30:00', '17:00:00', 0, 0, '2022-06-09'),
(873, 'FCS-AM-1424-19', 'ຄອນປະສົງ ', 'ພະກອນຄຳ', 'Thursday', 'software programming with java2', '309', 'HCS6D', 'ບ່າຍ', '2021-2022', '13:30:00', '17:00:00', 0, 0, '2022-06-09'),
(874, 'FCS-AM-1330-19', 'ຄຳຊອບ  ', 'ໄຊຍະແສງ', 'Thursday', 'software programming with java2', '309', 'HCS6D', 'ບ່າຍ', '2021-2022', NULL, '16:50:00', 1, 0, '2022-06-16'),
(875, 'FCS-AM-1343-19', 'ນ້ອຍ ', 'ໄພ​ຍະ​ວົງ', 'Thursday', 'software programming with java2', '309', 'HCS6D', 'ບ່າຍ', '2021-2022', NULL, '16:50:00', 1, 0, '2022-06-16'),
(876, 'FCS-AM-1353-19', 'ສຸພານິດ', 'ວົງສະໄໝ', 'Thursday', 'software programming with java2', '309', 'HCS6D', 'ບ່າຍ', '2021-2022', NULL, '16:50:00', 1, 0, '2022-06-16'),
(877, 'FCS-AM-1424-19', 'ຄອນປະສົງ ', 'ພະກອນຄຳ', 'Thursday', 'software programming with java2', '309', 'HCS6D', 'ບ່າຍ', '2021-2022', NULL, '16:50:00', 1, 0, '2022-06-16'),
(878, 'FCS-AM-1330-19', 'ຄຳຊອບ  ', 'ໄຊຍະແສງ', 'Thursday', 'software programming with java2', '309', 'HCS6D', 'ບ່າຍ', '2021-2022', '13:45:00', NULL, 0, 1, '2022-06-23'),
(879, 'FCS-AM-1343-19', 'ນ້ອຍ ', 'ໄພ​ຍະ​ວົງ', 'Thursday', 'software programming with java2', '309', 'HCS6D', 'ບ່າຍ', '2021-2022', '13:45:00', NULL, 0, 1, '2022-06-23'),
(880, 'FCS-AM-1353-19', 'ສຸພານິດ', 'ວົງສະໄໝ', 'Thursday', 'software programming with java2', '309', 'HCS6D', 'ບ່າຍ', '2021-2022', '13:45:00', NULL, 0, 1, '2022-06-23'),
(881, 'FCS-AM-1424-19', 'ຄອນປະສົງ ', 'ພະກອນຄຳ', 'Thursday', 'software programming with java2', '309', 'HCS6D', 'ບ່າຍ', '2021-2022', '13:45:00', NULL, 0, 1, '2022-06-23'),
(882, 'FCS-AM-1330-19', 'ຄຳຊອບ  ', 'ໄຊຍະແສງ', 'Thursday', 'software programming with java2', '309', 'HCS6D', 'ບ່າຍ', '2021-2022', '13:45:00', NULL, 0, 1, '2022-06-30'),
(883, 'FCS-AM-1343-19', 'ນ້ອຍ ', 'ໄພ​ຍະ​ວົງ', 'Thursday', 'software programming with java2', '309', 'HCS6D', 'ບ່າຍ', '2021-2022', '13:45:00', NULL, 0, 1, '2022-06-30'),
(884, 'FCS-AM-1353-19', 'ສຸພານິດ', 'ວົງສະໄໝ', 'Thursday', 'software programming with java2', '309', 'HCS6D', 'ບ່າຍ', '2021-2022', '13:45:00', NULL, 0, 1, '2022-06-30'),
(885, 'FCS-AM-1424-19', 'ຄອນປະສົງ ', 'ພະກອນຄຳ', 'Thursday', 'software programming with java2', '309', 'HCS6D', 'ບ່າຍ', '2021-2022', '13:45:00', NULL, 0, 1, '2022-06-30'),
(886, 'FCS-AM-1330-19', 'ຄຳຊອບ  ', 'ໄຊຍະແສງ', 'Friday', 'linux system administration', '307', 'HCS6D', 'ບ່າຍ', '2021-2022', NULL, NULL, 1, 1, '2022-05-06'),
(887, 'FCS-AM-1343-19', 'ນ້ອຍ ', 'ໄພ​ຍະ​ວົງ', 'Friday', 'linux system administration', '307', 'HCS6D', 'ບ່າຍ', '2021-2022', NULL, NULL, 1, 1, '2022-05-06'),
(888, 'FCS-AM-1353-19', 'ສຸພານິດ', 'ວົງສະໄໝ', 'Friday', 'linux system administration', '307', 'HCS6D', 'ບ່າຍ', '2021-2022', NULL, NULL, 1, 1, '2022-05-06'),
(889, 'FCS-AM-1424-19', 'ຄອນປະສົງ ', 'ພະກອນຄຳ', 'Friday', 'linux system administration', '307', 'HCS6D', 'ບ່າຍ', '2021-2022', NULL, NULL, 1, 1, '2022-05-06'),
(890, 'FCS-AM-1330-19', 'ຄຳຊອບ  ', 'ໄຊຍະແສງ', 'Friday', 'linux system administration', '307', 'HCS6D', 'ບ່າຍ', '2021-2022', NULL, NULL, 1, 1, '2022-05-13'),
(891, 'FCS-AM-1343-19', 'ນ້ອຍ ', 'ໄພ​ຍະ​ວົງ', 'Friday', 'linux system administration', '307', 'HCS6D', 'ບ່າຍ', '2021-2022', NULL, NULL, 1, 1, '2022-05-13'),
(892, 'FCS-AM-1353-19', 'ສຸພານິດ', 'ວົງສະໄໝ', 'Friday', 'linux system administration', '307', 'HCS6D', 'ບ່າຍ', '2021-2022', NULL, NULL, 1, 1, '2022-05-13'),
(893, 'FCS-AM-1424-19', 'ຄອນປະສົງ ', 'ພະກອນຄຳ', 'Friday', 'linux system administration', '307', 'HCS6D', 'ບ່າຍ', '2021-2022', NULL, NULL, 1, 1, '2022-05-13'),
(894, 'FCS-AM-1330-19', 'ຄຳຊອບ  ', 'ໄຊຍະແສງ', 'Friday', 'linux system administration', '307', 'HCS6D', 'ບ່າຍ', '2021-2022', NULL, '16:50:00', 1, 0, '2022-05-20'),
(895, 'FCS-AM-1343-19', 'ນ້ອຍ ', 'ໄພ​ຍະ​ວົງ', 'Friday', 'linux system administration', '307', 'HCS6D', 'ບ່າຍ', '2021-2022', NULL, '16:50:00', 1, 0, '2022-05-20'),
(896, 'FCS-AM-1353-19', 'ສຸພານິດ', 'ວົງສະໄໝ', 'Friday', 'linux system administration', '307', 'HCS6D', 'ບ່າຍ', '2021-2022', NULL, '16:50:00', 1, 0, '2022-05-20'),
(897, 'FCS-AM-1424-19', 'ຄອນປະສົງ ', 'ພະກອນຄຳ', 'Friday', 'linux system administration', '307', 'HCS6D', 'ບ່າຍ', '2021-2022', NULL, '16:50:00', 1, 0, '2022-05-20'),
(898, 'FCS-AM-1330-19', 'ຄຳຊອບ  ', 'ໄຊຍະແສງ', 'Friday', 'linux system administration', '307', 'HCS6D', 'ບ່າຍ', '2021-2022', NULL, '16:50:00', 1, 0, '2022-05-27'),
(899, 'FCS-AM-1343-19', 'ນ້ອຍ ', 'ໄພ​ຍະ​ວົງ', 'Friday', 'linux system administration', '307', 'HCS6D', 'ບ່າຍ', '2021-2022', NULL, '16:50:00', 1, 0, '2022-05-27'),
(900, 'FCS-AM-1353-19', 'ສຸພານິດ', 'ວົງສະໄໝ', 'Friday', 'linux system administration', '307', 'HCS6D', 'ບ່າຍ', '2021-2022', NULL, '16:50:00', 1, 0, '2022-05-27'),
(901, 'FCS-AM-1424-19', 'ຄອນປະສົງ ', 'ພະກອນຄຳ', 'Friday', 'linux system administration', '307', 'HCS6D', 'ບ່າຍ', '2021-2022', NULL, '16:50:00', 1, 0, '2022-05-27'),
(902, 'FCS-AM-1330-19', 'ຄຳຊອບ  ', 'ໄຊຍະແສງ', 'Friday', 'linux system administration', '307', 'HCS6D', 'ບ່າຍ', '2021-2022', '13:30:00', '17:00:00', 0, 0, '2022-06-03'),
(903, 'FCS-AM-1343-19', 'ນ້ອຍ ', 'ໄພ​ຍະ​ວົງ', 'Friday', 'linux system administration', '307', 'HCS6D', 'ບ່າຍ', '2021-2022', '13:30:00', '17:00:00', 0, 0, '2022-06-03'),
(904, 'FCS-AM-1353-19', 'ສຸພານິດ', 'ວົງສະໄໝ', 'Friday', 'linux system administration', '307', 'HCS6D', 'ບ່າຍ', '2021-2022', '13:30:00', '17:00:00', 0, 0, '2022-06-03'),
(905, 'FCS-AM-1424-19', 'ຄອນປະສົງ ', 'ພະກອນຄຳ', 'Friday', 'linux system administration', '307', 'HCS6D', 'ບ່າຍ', '2021-2022', '13:30:00', '17:00:00', 0, 0, '2022-06-03'),
(906, 'FCS-AM-1330-19', 'ຄຳຊອບ  ', 'ໄຊຍະແສງ', 'Friday', 'linux system administration', '307', 'HCS6D', 'ບ່າຍ', '2021-2022', NULL, '16:50:00', 1, 0, '2022-06-10'),
(907, 'FCS-AM-1343-19', 'ນ້ອຍ ', 'ໄພ​ຍະ​ວົງ', 'Friday', 'linux system administration', '307', 'HCS6D', 'ບ່າຍ', '2021-2022', NULL, '16:50:00', 1, 0, '2022-06-10'),
(908, 'FCS-AM-1353-19', 'ສຸພານິດ', 'ວົງສະໄໝ', 'Friday', 'linux system administration', '307', 'HCS6D', 'ບ່າຍ', '2021-2022', NULL, '16:50:00', 1, 0, '2022-06-10'),
(909, 'FCS-AM-1424-19', 'ຄອນປະສົງ ', 'ພະກອນຄຳ', 'Friday', 'linux system administration', '307', 'HCS6D', 'ບ່າຍ', '2021-2022', NULL, '16:50:00', 1, 0, '2022-06-10'),
(910, 'FCS-AM-1330-19', 'ຄຳຊອບ  ', 'ໄຊຍະແສງ', 'Friday', 'linux system administration', '307', 'HCS6D', 'ບ່າຍ', '2021-2022', NULL, NULL, 1, 1, '2022-06-17'),
(911, 'FCS-AM-1343-19', 'ນ້ອຍ ', 'ໄພ​ຍະ​ວົງ', 'Friday', 'linux system administration', '307', 'HCS6D', 'ບ່າຍ', '2021-2022', NULL, NULL, 1, 1, '2022-06-17'),
(912, 'FCS-AM-1353-19', 'ສຸພານິດ', 'ວົງສະໄໝ', 'Friday', 'linux system administration', '307', 'HCS6D', 'ບ່າຍ', '2021-2022', NULL, NULL, 1, 1, '2022-06-17'),
(913, 'FCS-AM-1424-19', 'ຄອນປະສົງ ', 'ພະກອນຄຳ', 'Friday', 'linux system administration', '307', 'HCS6D', 'ບ່າຍ', '2021-2022', NULL, NULL, 1, 1, '2022-06-17'),
(914, 'FCS-AM-1330-19', 'ຄຳຊອບ  ', 'ໄຊຍະແສງ', 'Friday', 'linux system administration', '307', 'HCS6D', 'ບ່າຍ', '2021-2022', NULL, NULL, 1, 1, '2022-06-24'),
(915, 'FCS-AM-1343-19', 'ນ້ອຍ ', 'ໄພ​ຍະ​ວົງ', 'Friday', 'linux system administration', '307', 'HCS6D', 'ບ່າຍ', '2021-2022', NULL, NULL, 1, 1, '2022-06-24'),
(916, 'FCS-AM-1353-19', 'ສຸພານິດ', 'ວົງສະໄໝ', 'Friday', 'linux system administration', '307', 'HCS6D', 'ບ່າຍ', '2021-2022', NULL, NULL, 1, 1, '2022-06-24'),
(917, 'FCS-AM-1424-19', 'ຄອນປະສົງ ', 'ພະກອນຄຳ', 'Friday', 'linux system administration', '307', 'HCS6D', 'ບ່າຍ', '2021-2022', NULL, NULL, 1, 1, '2022-06-24'),
(918, 'FCS-AM-1332-19', 'ສຸລິຍາ  ', 'ທຳມະວົງ', 'Monday', 'wireless communication system', '309', 'HCS6E', 'ພາກຄ່ຳ', '2021-2022', NULL, '17:15:00', 1, 0, '2022-05-02'),
(919, 'FCS-AM-1334-19', 'ຄຳມະນີ ', 'ໄຊມູນວົງ', 'Monday', 'wireless communication system', '309', 'HCS6E', 'ພາກຄ່ຳ', '2021-2022', NULL, '17:15:00', 1, 0, '2022-05-02'),
(920, 'FCS-AM-1349-19', 'ຂັນທະລີ', 'ທີບວີໄຊ', 'Monday', 'wireless communication system', '309', 'HCS6E', 'ພາກຄ່ຳຄ່ຳ', '2021-2022', NULL, '17:15:00', 1, 0, '2022-05-02'),
(921, 'FCS-AM-1356-19', 'ຕຸກພະຄອນ ', 'ທອງປັນຍາ', 'Monday', 'wireless communication system', '309', 'HCS6E', 'ພາກຄ່ຳ', '2021-2022', NULL, '17:15:00', 1, 0, '2022-05-02'),
(922, 'FCS-AM-1407-19', 'ພັນ​ທະ​ວົງ ', '​ສີ​ປ​ະເສີດ', 'Monday', 'wireless communication system', '309', 'HCS6E', 'ພາກຄ່ຳ', '2021-2022', NULL, '17:15:00', 1, 0, '2022-05-02'),
(923, 'FCS-AM-1332-19', 'ສຸລິຍາ  ', 'ທຳມະວົງ', 'Monday', 'wireless communication system', '309', 'HCS6E', 'ພາກຄ່ຳ', '2021-2022', NULL, NULL, 1, 1, '2022-05-09'),
(924, 'FCS-AM-1334-19', 'ຄຳມະນີ ', 'ໄຊມູນວົງ', 'Monday', 'wireless communication system', '309', 'HCS6E', 'ພາກຄ່ຳ', '2021-2022', NULL, NULL, 1, 1, '2022-05-09'),
(925, 'FCS-AM-1349-19', 'ຂັນທະລີ', 'ທີບວີໄຊ', 'Monday', 'wireless communication system', '309', 'HCS6E', 'ພາກຄ່ຳຄ່ຳ', '2021-2022', NULL, NULL, 1, 1, '2022-05-09'),
(926, 'FCS-AM-1356-19', 'ຕຸກພະຄອນ ', 'ທອງປັນຍາ', 'Monday', 'wireless communication system', '309', 'HCS6E', 'ພາກຄ່ຳ', '2021-2022', NULL, NULL, 1, 1, '2022-05-09'),
(927, 'FCS-AM-1407-19', 'ພັນ​ທະ​ວົງ ', '​ສີ​ປ​ະເສີດ', 'Monday', 'wireless communication system', '309', 'HCS6E', 'ພາກຄ່ຳ', '2021-2022', NULL, NULL, 1, 1, '2022-05-09'),
(928, 'FCS-AM-1332-19', 'ສຸລິຍາ  ', 'ທຳມະວົງ', 'Monday', 'wireless communication system', '309', 'HCS6E', 'ພາກຄ່ຳ', '2021-2022', '17:10:00', '20:00:00', 0, 0, '2022-05-16'),
(929, 'FCS-AM-1334-19', 'ຄຳມະນີ ', 'ໄຊມູນວົງ', 'Monday', 'wireless communication system', '309', 'HCS6E', 'ພາກຄ່ຳ', '2021-2022', '17:10:00', '20:00:00', 0, 0, '2022-05-16'),
(930, 'FCS-AM-1349-19', 'ຂັນທະລີ', 'ທີບວີໄຊ', 'Monday', 'wireless communication system', '309', 'HCS6E', 'ພາກຄ່ຳຄ່ຳ', '2021-2022', '17:10:00', '20:00:00', 0, 0, '2022-05-16'),
(931, 'FCS-AM-1356-19', 'ຕຸກພະຄອນ ', 'ທອງປັນຍາ', 'Monday', 'wireless communication system', '309', 'HCS6E', 'ພາກຄ່ຳ', '2021-2022', '17:10:00', '20:00:00', 0, 0, '2022-05-16'),
(932, 'FCS-AM-1407-19', 'ພັນ​ທະ​ວົງ ', '​ສີ​ປ​ະເສີດ', 'Monday', 'wireless communication system', '309', 'HCS6E', 'ພາກຄ່ຳ', '2021-2022', '17:10:00', '20:00:00', 0, 0, '2022-05-16'),
(933, 'FCS-AM-1332-19', 'ສຸລິຍາ  ', 'ທຳມະວົງ', 'Monday', 'wireless communication system', '309', 'HCS6E', 'ພາກຄ່ຳ', '2021-2022', '17:10:00', '20:00:00', 0, 0, '2022-05-23'),
(934, 'FCS-AM-1334-19', 'ຄຳມະນີ ', 'ໄຊມູນວົງ', 'Monday', 'wireless communication system', '309', 'HCS6E', 'ພາກຄ່ຳ', '2021-2022', '17:10:00', '20:00:00', 0, 0, '2022-05-23'),
(935, 'FCS-AM-1349-19', 'ຂັນທະລີ', 'ທີບວີໄຊ', 'Monday', 'wireless communication system', '309', 'HCS6E', 'ພາກຄ່ຳຄ່ຳ', '2021-2022', '17:10:00', '20:00:00', 0, 0, '2022-05-23'),
(936, 'FCS-AM-1356-19', 'ຕຸກພະຄອນ ', 'ທອງປັນຍາ', 'Monday', 'wireless communication system', '309', 'HCS6E', 'ພາກຄ່ຳ', '2021-2022', '17:10:00', '20:00:00', 0, 0, '2022-05-23'),
(937, 'FCS-AM-1407-19', 'ພັນ​ທະ​ວົງ ', '​ສີ​ປ​ະເສີດ', 'Monday', 'wireless communication system', '309', 'HCS6E', 'ພາກຄ່ຳ', '2021-2022', '17:10:00', '20:00:00', 0, 0, '2022-05-23'),
(938, 'FCS-AM-1332-19', 'ສຸລິຍາ  ', 'ທຳມະວົງ', 'Monday', 'wireless communication system', '309', 'HCS6E', 'ພາກຄ່ຳ', '2021-2022', '17:10:00', '20:00:00', 0, 0, '2022-05-30'),
(939, 'FCS-AM-1334-19', 'ຄຳມະນີ ', 'ໄຊມູນວົງ', 'Monday', 'wireless communication system', '309', 'HCS6E', 'ພາກຄ່ຳ', '2021-2022', '17:10:00', '20:00:00', 0, 0, '2022-05-30'),
(940, 'FCS-AM-1349-19', 'ຂັນທະລີ', 'ທີບວີໄຊ', 'Monday', 'wireless communication system', '309', 'HCS6E', 'ພາກຄ່ຳຄ່ຳ', '2021-2022', '17:10:00', '20:00:00', 0, 0, '2022-05-30'),
(941, 'FCS-AM-1356-19', 'ຕຸກພະຄອນ ', 'ທອງປັນຍາ', 'Monday', 'wireless communication system', '309', 'HCS6E', 'ພາກຄ່ຳ', '2021-2022', '17:10:00', '20:00:00', 0, 0, '2022-05-30'),
(942, 'FCS-AM-1407-19', 'ພັນ​ທະ​ວົງ ', '​ສີ​ປ​ະເສີດ', 'Monday', 'wireless communication system', '309', 'HCS6E', 'ພາກຄ່ຳ', '2021-2022', '17:10:00', '20:00:00', 0, 0, '2022-05-30'),
(943, 'FCS-AM-1332-19', 'ສຸລິຍາ  ', 'ທຳມະວົງ', 'Monday', 'wireless communication system', '309', 'HCS6E', 'ພາກຄ່ຳ', '2021-2022', '17:10:00', NULL, 0, 1, '2022-06-06'),
(944, 'FCS-AM-1334-19', 'ຄຳມະນີ ', 'ໄຊມູນວົງ', 'Monday', 'wireless communication system', '309', 'HCS6E', 'ພາກຄ່ຳ', '2021-2022', '17:10:00', NULL, 0, 1, '2022-06-06'),
(945, 'FCS-AM-1349-19', 'ຂັນທະລີ', 'ທີບວີໄຊ', 'Monday', 'wireless communication system', '309', 'HCS6E', 'ພາກຄ່ຳຄ່ຳ', '2021-2022', '17:10:00', NULL, 0, 1, '2022-06-06'),
(946, 'FCS-AM-1356-19', 'ຕຸກພະຄອນ ', 'ທອງປັນຍາ', 'Monday', 'wireless communication system', '309', 'HCS6E', 'ພາກຄ່ຳ', '2021-2022', '17:10:00', NULL, 0, 1, '2022-06-06'),
(947, 'FCS-AM-1407-19', 'ພັນ​ທະ​ວົງ ', '​ສີ​ປ​ະເສີດ', 'Monday', 'wireless communication system', '309', 'HCS6E', 'ພາກຄ່ຳ', '2021-2022', '17:10:00', NULL, 0, 1, '2022-06-06'),
(948, 'FCS-AM-1332-19', 'ສຸລິຍາ  ', 'ທຳມະວົງ', 'Monday', 'wireless communication system', '309', 'HCS6E', 'ພາກຄ່ຳ', '2021-2022', '17:10:00', NULL, 0, 1, '2022-06-13'),
(949, 'FCS-AM-1334-19', 'ຄຳມະນີ ', 'ໄຊມູນວົງ', 'Monday', 'wireless communication system', '309', 'HCS6E', 'ພາກຄ່ຳ', '2021-2022', '17:10:00', NULL, 0, 1, '2022-06-13'),
(950, 'FCS-AM-1349-19', 'ຂັນທະລີ', 'ທີບວີໄຊ', 'Monday', 'wireless communication system', '309', 'HCS6E', 'ພາກຄ່ຳຄ່ຳ', '2021-2022', '17:10:00', NULL, 0, 1, '2022-06-13'),
(951, 'FCS-AM-1356-19', 'ຕຸກພະຄອນ ', 'ທອງປັນຍາ', 'Monday', 'wireless communication system', '309', 'HCS6E', 'ພາກຄ່ຳ', '2021-2022', '17:10:00', NULL, 0, 1, '2022-06-13'),
(952, 'FCS-AM-1407-19', 'ພັນ​ທະ​ວົງ ', '​ສີ​ປ​ະເສີດ', 'Monday', 'wireless communication system', '309', 'HCS6E', 'ພາກຄ່ຳ', '2021-2022', '17:10:00', NULL, 0, 1, '2022-06-13'),
(953, 'FCS-AM-1332-19', 'ສຸລິຍາ  ', 'ທຳມະວົງ', 'Monday', 'wireless communication system', '309', 'HCS6E', 'ພາກຄ່ຳ', '2021-2022', NULL, NULL, 1, 1, '2022-06-20'),
(954, 'FCS-AM-1334-19', 'ຄຳມະນີ ', 'ໄຊມູນວົງ', 'Monday', 'wireless communication system', '309', 'HCS6E', 'ພາກຄ່ຳ', '2021-2022', NULL, NULL, 1, 1, '2022-06-20'),
(955, 'FCS-AM-1349-19', 'ຂັນທະລີ', 'ທີບວີໄຊ', 'Monday', 'wireless communication system', '309', 'HCS6E', 'ພາກຄ່ຳຄ່ຳ', '2021-2022', NULL, NULL, 1, 1, '2022-06-20'),
(956, 'FCS-AM-1356-19', 'ຕຸກພະຄອນ ', 'ທອງປັນຍາ', 'Monday', 'wireless communication system', '309', 'HCS6E', 'ພາກຄ່ຳ', '2021-2022', NULL, NULL, 1, 1, '2022-06-20'),
(957, 'FCS-AM-1407-19', 'ພັນ​ທະ​ວົງ ', '​ສີ​ປ​ະເສີດ', 'Monday', 'wireless communication system', '309', 'HCS6E', 'ພາກຄ່ຳ', '2021-2022', NULL, NULL, 1, 1, '2022-06-20'),
(958, 'FCS-AM-1332-19', 'ສຸລິຍາ  ', 'ທຳມະວົງ', 'Monday', 'wireless communication system', '309', 'HCS6E', 'ພາກຄ່ຳ', '2021-2022', '17:10:00', '20:00:00', 0, 0, '2022-06-27'),
(959, 'FCS-AM-1334-19', 'ຄຳມະນີ ', 'ໄຊມູນວົງ', 'Monday', 'wireless communication system', '309', 'HCS6E', 'ພາກຄ່ຳ', '2021-2022', '17:10:00', '20:00:00', 0, 0, '2022-06-27'),
(960, 'FCS-AM-1349-19', 'ຂັນທະລີ', 'ທີບວີໄຊ', 'Monday', 'wireless communication system', '309', 'HCS6E', 'ພາກຄ່ຳຄ່ຳ', '2021-2022', '17:10:00', '20:00:00', 0, 0, '2022-06-27'),
(961, 'FCS-AM-1356-19', 'ຕຸກພະຄອນ ', 'ທອງປັນຍາ', 'Monday', 'wireless communication system', '309', 'HCS6E', 'ພາກຄ່ຳ', '2021-2022', '17:10:00', '20:00:00', 0, 0, '2022-06-27'),
(962, 'FCS-AM-1407-19', 'ພັນ​ທະ​ວົງ ', '​ສີ​ປ​ະເສີດ', 'Monday', 'wireless communication system', '309', 'HCS6E', 'ພາກຄ່ຳ', '2021-2022', '17:10:00', '20:00:00', 0, 0, '2022-06-27'),
(1053, 'FCS-AM-1332-19', 'ສຸລິຍາ  ', 'ທຳມະວົງ', 'Tuesday', 'software programming with java2', '307', 'HCS6E', 'ພາກຄ່ຳ', '2021-2022', NULL, '17:15:00', 1, 0, '2022-05-03'),
(1054, 'FCS-AM-1334-19', 'ຄຳມະນີ ', 'ໄຊມູນວົງ', 'Tuesday', 'software programming with java2', '307', 'HCS6E', 'ພາກຄ່ຳ', '2021-2022', NULL, '17:15:00', 1, 0, '2022-05-03'),
(1055, 'FCS-AM-1349-19', 'ຂັນທະລີ', 'ທີບວີໄຊ', 'Tuesday', 'software programming with java2', '307', 'HCS6E', 'ພາກຄ່ຳຄ່ຳ', '2021-2022', NULL, '17:15:00', 1, 0, '2022-05-03'),
(1056, 'FCS-AM-1356-19', 'ຕຸກພະຄອນ ', 'ທອງປັນຍາ', 'Tuesday', 'software programming with java2', '307', 'HCS6E', 'ພາກຄ່ຳ', '2021-2022', NULL, '17:15:00', 1, 0, '2022-05-03'),
(1057, 'FCS-AM-1407-19', 'ພັນ​ທະ​ວົງ ', '​ສີ​ປ​ະເສີດ', 'Tuesday', 'software programming with java2', '307', 'HCS6E', 'ພາກຄ່ຳ', '2021-2022', NULL, '17:15:00', 1, 0, '2022-05-03'),
(1058, 'FCS-AM-1332-19', 'ສຸລິຍາ  ', 'ທຳມະວົງ', 'Tuesday', 'software programming with java2', '307', 'HCS6E', 'ພາກຄ່ຳ', '2021-2022', NULL, NULL, 1, 1, '2022-05-10'),
(1059, 'FCS-AM-1334-19', 'ຄຳມະນີ ', 'ໄຊມູນວົງ', 'Tuesday', 'software programming with java2', '307', 'HCS6E', 'ພາກຄ່ຳ', '2021-2022', NULL, NULL, 1, 1, '2022-05-10'),
(1060, 'FCS-AM-1349-19', 'ຂັນທະລີ', 'ທີບວີໄຊ', 'Tuesday', 'software programming with java2', '307', 'HCS6E', 'ພາກຄ່ຳຄ່ຳ', '2021-2022', NULL, NULL, 1, 1, '2022-05-10'),
(1061, 'FCS-AM-1356-19', 'ຕຸກພະຄອນ ', 'ທອງປັນຍາ', 'Tuesday', 'software programming with java2', '307', 'HCS6E', 'ພາກຄ່ຳ', '2021-2022', NULL, NULL, 1, 1, '2022-05-10'),
(1062, 'FCS-AM-1407-19', 'ພັນ​ທະ​ວົງ ', '​ສີ​ປ​ະເສີດ', 'Tuesday', 'software programming with java2', '307', 'HCS6E', 'ພາກຄ່ຳ', '2021-2022', NULL, NULL, 1, 1, '2022-05-10'),
(1063, 'FCS-AM-1332-19', 'ສຸລິຍາ  ', 'ທຳມະວົງ', 'Tuesday', 'software programming with java2', '307', 'HCS6E', 'ພາກຄ່ຳ', '2021-2022', NULL, '17:15:00', 1, 0, '2022-05-17'),
(1064, 'FCS-AM-1334-19', 'ຄຳມະນີ ', 'ໄຊມູນວົງ', 'Tuesday', 'software programming with java2', '307', 'HCS6E', 'ພາກຄ່ຳ', '2021-2022', NULL, '17:15:00', 1, 0, '2022-05-17'),
(1065, 'FCS-AM-1349-19', 'ຂັນທະລີ', 'ທີບວີໄຊ', 'Tuesday', 'software programming with java2', '307', 'HCS6E', 'ພາກຄ່ຳຄ່ຳ', '2021-2022', NULL, '17:15:00', 1, 0, '2022-05-17'),
(1066, 'FCS-AM-1356-19', 'ຕຸກພະຄອນ ', 'ທອງປັນຍາ', 'Tuesday', 'software programming with java2', '307', 'HCS6E', 'ພາກຄ່ຳ', '2021-2022', NULL, '17:15:00', 1, 0, '2022-05-17'),
(1067, 'FCS-AM-1407-19', 'ພັນ​ທະ​ວົງ ', '​ສີ​ປ​ະເສີດ', 'Tuesday', 'software programming with java2', '307', 'HCS6E', 'ພາກຄ່ຳ', '2021-2022', NULL, '17:15:00', 1, 0, '2022-05-17'),
(1068, 'FCS-AM-1332-19', 'ສຸລິຍາ  ', 'ທຳມະວົງ', 'Tuesday', 'software programming with java2', '307', 'HCS6E', 'ພາກຄ່ຳ', '2021-2022', '17:10:00', '20:00:00', 0, 0, '2022-05-24'),
(1069, 'FCS-AM-1334-19', 'ຄຳມະນີ ', 'ໄຊມູນວົງ', 'Tuesday', 'software programming with java2', '307', 'HCS6E', 'ພາກຄ່ຳ', '2021-2022', '17:10:00', '20:00:00', 0, 0, '2022-05-24'),
(1070, 'FCS-AM-1349-19', 'ຂັນທະລີ', 'ທີບວີໄຊ', 'Tuesday', 'software programming with java2', '307', 'HCS6E', 'ພາກຄ່ຳຄ່ຳ', '2021-2022', '17:10:00', '20:00:00', 0, 0, '2022-05-24'),
(1071, 'FCS-AM-1356-19', 'ຕຸກພະຄອນ ', 'ທອງປັນຍາ', 'Tuesday', 'software programming with java2', '307', 'HCS6E', 'ພາກຄ່ຳ', '2021-2022', '17:10:00', '20:00:00', 0, 0, '2022-05-24'),
(1072, 'FCS-AM-1407-19', 'ພັນ​ທະ​ວົງ ', '​ສີ​ປ​ະເສີດ', 'Tuesday', 'software programming with java2', '307', 'HCS6E', 'ພາກຄ່ຳ', '2021-2022', '17:10:00', '20:00:00', 0, 0, '2022-05-24'),
(1073, 'FCS-AM-1332-19', 'ສຸລິຍາ  ', 'ທຳມະວົງ', 'Tuesday', 'software programming with java2', '307', 'HCS6E', 'ພາກຄ່ຳ', '2021-2022', '17:10:00', NULL, 0, 1, '2022-05-31'),
(1074, 'FCS-AM-1334-19', 'ຄຳມະນີ ', 'ໄຊມູນວົງ', 'Tuesday', 'software programming with java2', '307', 'HCS6E', 'ພາກຄ່ຳ', '2021-2022', '17:10:00', NULL, 0, 1, '2022-05-31'),
(1075, 'FCS-AM-1349-19', 'ຂັນທະລີ', 'ທີບວີໄຊ', 'Tuesday', 'software programming with java2', '307', 'HCS6E', 'ພາກຄ່ຳຄ່ຳ', '2021-2022', '17:10:00', NULL, 0, 1, '2022-05-31'),
(1076, 'FCS-AM-1356-19', 'ຕຸກພະຄອນ ', 'ທອງປັນຍາ', 'Tuesday', 'software programming with java2', '307', 'HCS6E', 'ພາກຄ່ຳ', '2021-2022', '17:10:00', NULL, 0, 1, '2022-05-31'),
(1077, 'FCS-AM-1407-19', 'ພັນ​ທະ​ວົງ ', '​ສີ​ປ​ະເສີດ', 'Tuesday', 'software programming with java2', '307', 'HCS6E', 'ພາກຄ່ຳ', '2021-2022', '17:10:00', NULL, 0, 1, '2022-05-31'),
(1078, 'FCS-AM-1332-19', 'ສຸລິຍາ  ', 'ທຳມະວົງ', 'Tuesday', 'software programming with java2', '307', 'HCS6E', 'ພາກຄ່ຳ', '2021-2022', NULL, '17:15:00', 1, 0, '2022-06-07'),
(1079, 'FCS-AM-1334-19', 'ຄຳມະນີ ', 'ໄຊມູນວົງ', 'Tuesday', 'software programming with java2', '307', 'HCS6E', 'ພາກຄ່ຳ', '2021-2022', NULL, '17:15:00', 1, 0, '2022-06-07'),
(1080, 'FCS-AM-1349-19', 'ຂັນທະລີ', 'ທີບວີໄຊ', 'Tuesday', 'software programming with java2', '307', 'HCS6E', 'ພາກຄ່ຳຄ່ຳ', '2021-2022', NULL, '17:15:00', 1, 0, '2022-06-07'),
(1081, 'FCS-AM-1356-19', 'ຕຸກພະຄອນ ', 'ທອງປັນຍາ', 'Tuesday', 'software programming with java2', '307', 'HCS6E', 'ພາກຄ່ຳ', '2021-2022', NULL, '17:15:00', 1, 0, '2022-06-07'),
(1082, 'FCS-AM-1407-19', 'ພັນ​ທະ​ວົງ ', '​ສີ​ປ​ະເສີດ', 'Tuesday', 'software programming with java2', '307', 'HCS6E', 'ພາກຄ່ຳ', '2021-2022', NULL, '17:15:00', 1, 0, '2022-06-07'),
(1083, 'FCS-AM-1332-19', 'ສຸລິຍາ  ', 'ທຳມະວົງ', 'Tuesday', 'software programming with java2', '307', 'HCS6E', 'ພາກຄ່ຳ', '2021-2022', '17:10:00', '20:00:00', 0, 0, '2022-06-14'),
(1084, 'FCS-AM-1334-19', 'ຄຳມະນີ ', 'ໄຊມູນວົງ', 'Tuesday', 'software programming with java2', '307', 'HCS6E', 'ພາກຄ່ຳ', '2021-2022', '17:10:00', '20:00:00', 0, 0, '2022-06-14'),
(1085, 'FCS-AM-1349-19', 'ຂັນທະລີ', 'ທີບວີໄຊ', 'Tuesday', 'software programming with java2', '307', 'HCS6E', 'ພາກຄ່ຳຄ່ຳ', '2021-2022', '17:10:00', '20:00:00', 0, 0, '2022-06-14'),
(1086, 'FCS-AM-1356-19', 'ຕຸກພະຄອນ ', 'ທອງປັນຍາ', 'Tuesday', 'software programming with java2', '307', 'HCS6E', 'ພາກຄ່ຳ', '2021-2022', '17:10:00', '20:00:00', 0, 0, '2022-06-14'),
(1087, 'FCS-AM-1407-19', 'ພັນ​ທະ​ວົງ ', '​ສີ​ປ​ະເສີດ', 'Tuesday', 'software programming with java2', '307', 'HCS6E', 'ພາກຄ່ຳ', '2021-2022', '17:10:00', '20:00:00', 0, 0, '2022-06-14'),
(1088, 'FCS-AM-1332-19', 'ສຸລິຍາ  ', 'ທຳມະວົງ', 'Tuesday', 'software programming with java2', '307', 'HCS6E', 'ພາກຄ່ຳ', '2021-2022', '17:10:00', NULL, 0, 1, '2022-06-21'),
(1089, 'FCS-AM-1334-19', 'ຄຳມະນີ ', 'ໄຊມູນວົງ', 'Tuesday', 'software programming with java2', '307', 'HCS6E', 'ພາກຄ່ຳ', '2021-2022', '17:10:00', NULL, 0, 1, '2022-06-21'),
(1090, 'FCS-AM-1349-19', 'ຂັນທະລີ', 'ທີບວີໄຊ', 'Tuesday', 'software programming with java2', '307', 'HCS6E', 'ພາກຄ່ຳຄ່ຳ', '2021-2022', '17:10:00', NULL, 0, 1, '2022-06-21'),
(1091, 'FCS-AM-1356-19', 'ຕຸກພະຄອນ ', 'ທອງປັນຍາ', 'Tuesday', 'software programming with java2', '307', 'HCS6E', 'ພາກຄ່ຳ', '2021-2022', '17:10:00', NULL, 0, 1, '2022-06-21'),
(1092, 'FCS-AM-1407-19', 'ພັນ​ທະ​ວົງ ', '​ສີ​ປ​ະເສີດ', 'Tuesday', 'software programming with java2', '307', 'HCS6E', 'ພາກຄ່ຳ', '2021-2022', '17:10:00', NULL, 0, 1, '2022-06-21'),
(1093, 'FCS-AM-1332-19', 'ສຸລິຍາ  ', 'ທຳມະວົງ', 'Tuesday', 'software programming with java2', '307', 'HCS6E', 'ພາກຄ່ຳ', '2021-2022', NULL, NULL, 1, 1, '2022-06-28'),
(1094, 'FCS-AM-1334-19', 'ຄຳມະນີ ', 'ໄຊມູນວົງ', 'Tuesday', 'software programming with java2', '307', 'HCS6E', 'ພາກຄ່ຳ', '2021-2022', NULL, NULL, 1, 1, '2022-06-28'),
(1095, 'FCS-AM-1349-19', 'ຂັນທະລີ', 'ທີບວີໄຊ', 'Tuesday', 'software programming with java2', '307', 'HCS6E', 'ພາກຄ່ຳຄ່ຳ', '2021-2022', NULL, NULL, 1, 1, '2022-06-28'),
(1096, 'FCS-AM-1356-19', 'ຕຸກພະຄອນ ', 'ທອງປັນຍາ', 'Tuesday', 'software programming with java2', '307', 'HCS6E', 'ພາກຄ່ຳ', '2021-2022', NULL, NULL, 1, 1, '2022-06-28'),
(1097, 'FCS-AM-1407-19', 'ພັນ​ທະ​ວົງ ', '​ສີ​ປ​ະເສີດ', 'Tuesday', 'software programming with java2', '307', 'HCS6E', 'ພາກຄ່ຳ', '2021-2022', NULL, NULL, 1, 1, '2022-06-28'),
(1098, 'FCS-AM-1345-19', '​ຕາ​ວັນ', '​ລາດ​ຊະ​ຈັນ', 'Monday', 'linux system administration', '309', 'HCS6B', 'ເຊົ້າ', '2021-2022', NULL, NULL, NULL, NULL, '2022-06-07'),
(1099, 'FCS-AM-1354-19', 'ວັນປະເສີດ ', 'ໄຊຍະທຳ', 'Monday', 'linux system administration', '309', 'HCS6B', 'ເຊົ້າ', '2021-2022', NULL, NULL, NULL, NULL, '2022-06-07'),
(1100, 'FCS-AM-1359-19', 'ພິ​ມົນ', 'ສຸດ​ທິ​ປະ​ພາ', 'Monday', 'linux system administration', '309', 'HCS6B', 'ເຊົ້າ', '2021-2022', NULL, NULL, NULL, NULL, '2022-06-07'),
(1101, 'FCS-AM-1423-19', 'ຕ​ອັກ​ກີ່', 'ໄຊ​ຍະ​ກອນ', 'Monday', 'linux system administration', '309', 'HCS6B', 'ເຊົ້າ', '2021-2022', NULL, NULL, NULL, NULL, '2022-06-07'),
(1102, 'FCS-AM-1332-19', 'ສຸລິຍາ  ', 'ທຳມະວົງ', 'Wednesday', 'linux system administration', '305', 'HCS6E', 'ພາກຄ່ຳ', '2021-2022', NULL, NULL, 1, 1, '2022-05-04'),
(1103, 'FCS-AM-1334-19', 'ຄຳມະນີ ', 'ໄຊມູນວົງ', 'Wednesday', 'linux system administration', '305', 'HCS6E', 'ພາກຄ່ຳ', '2021-2022', NULL, NULL, 1, 1, '2022-05-04'),
(1104, 'FCS-AM-1349-19', 'ຂັນທະລີ', 'ທີບວີໄຊ', 'Wednesday', 'linux system administration', '305', 'HCS6E', 'ພາກຄ່ຳຄ່ຳ', '2021-2022', NULL, NULL, 1, 1, '2022-05-04'),
(1105, 'FCS-AM-1356-19', 'ຕຸກພະຄອນ ', 'ທອງປັນຍາ', 'Wednesday', 'linux system administration', '305', 'HCS6E', 'ພາກຄ່ຳ', '2021-2022', NULL, NULL, 1, 1, '2022-05-04'),
(1106, 'FCS-AM-1407-19', 'ພັນ​ທະ​ວົງ ', '​ສີ​ປ​ະເສີດ', 'Wednesday', 'linux system administration', '305', 'HCS6E', 'ພາກຄ່ຳ', '2021-2022', NULL, NULL, 1, 1, '2022-05-04'),
(1107, 'FCS-AM-1332-19', 'ສຸລິຍາ  ', 'ທຳມະວົງ', 'Wednesday', 'linux system administration', '305', 'HCS6E', 'ພາກຄ່ຳ', '2021-2022', NULL, NULL, 1, 1, '2022-05-11'),
(1108, 'FCS-AM-1334-19', 'ຄຳມະນີ ', 'ໄຊມູນວົງ', 'Wednesday', 'linux system administration', '305', 'HCS6E', 'ພາກຄ່ຳ', '2021-2022', NULL, NULL, 1, 1, '2022-05-11'),
(1109, 'FCS-AM-1349-19', 'ຂັນທະລີ', 'ທີບວີໄຊ', 'Wednesday', 'linux system administration', '305', 'HCS6E', 'ພາກຄ່ຳຄ່ຳ', '2021-2022', NULL, NULL, 1, 1, '2022-05-11'),
(1110, 'FCS-AM-1356-19', 'ຕຸກພະຄອນ ', 'ທອງປັນຍາ', 'Wednesday', 'linux system administration', '305', 'HCS6E', 'ພາກຄ່ຳ', '2021-2022', NULL, NULL, 1, 1, '2022-05-11'),
(1111, 'FCS-AM-1407-19', 'ພັນ​ທະ​ວົງ ', '​ສີ​ປ​ະເສີດ', 'Wednesday', 'linux system administration', '305', 'HCS6E', 'ພາກຄ່ຳ', '2021-2022', NULL, NULL, 1, 1, '2022-05-11'),
(1112, 'FCS-AM-1332-19', 'ສຸລິຍາ  ', 'ທຳມະວົງ', 'Wednesday', 'linux system administration', '305', 'HCS6E', 'ພາກຄ່ຳ', '2021-2022', '17:10:00', NULL, 0, 1, '2022-05-18'),
(1113, 'FCS-AM-1334-19', 'ຄຳມະນີ ', 'ໄຊມູນວົງ', 'Wednesday', 'linux system administration', '305', 'HCS6E', 'ພາກຄ່ຳ', '2021-2022', '17:10:00', NULL, 0, 1, '2022-05-18'),
(1114, 'FCS-AM-1349-19', 'ຂັນທະລີ', 'ທີບວີໄຊ', 'Wednesday', 'linux system administration', '305', 'HCS6E', 'ພາກຄ່ຳຄ່ຳ', '2021-2022', '17:10:00', NULL, 0, 1, '2022-05-18'),
(1115, 'FCS-AM-1356-19', 'ຕຸກພະຄອນ ', 'ທອງປັນຍາ', 'Wednesday', 'linux system administration', '305', 'HCS6E', 'ພາກຄ່ຳ', '2021-2022', '17:10:00', NULL, 0, 1, '2022-05-18'),
(1116, 'FCS-AM-1407-19', 'ພັນ​ທະ​ວົງ ', '​ສີ​ປ​ະເສີດ', 'Wednesday', 'linux system administration', '305', 'HCS6E', 'ພາກຄ່ຳ', '2021-2022', '17:10:00', NULL, 0, 1, '2022-05-18'),
(1117, 'FCS-AM-1332-19', 'ສຸລິຍາ  ', 'ທຳມະວົງ', 'Wednesday', 'linux system administration', '305', 'HCS6E', 'ພາກຄ່ຳ', '2021-2022', NULL, NULL, 1, 1, '2022-05-25'),
(1118, 'FCS-AM-1334-19', 'ຄຳມະນີ ', 'ໄຊມູນວົງ', 'Wednesday', 'linux system administration', '305', 'HCS6E', 'ພາກຄ່ຳ', '2021-2022', NULL, NULL, 1, 1, '2022-05-25'),
(1119, 'FCS-AM-1349-19', 'ຂັນທະລີ', 'ທີບວີໄຊ', 'Wednesday', 'linux system administration', '305', 'HCS6E', 'ພາກຄ່ຳຄ່ຳ', '2021-2022', NULL, NULL, 1, 1, '2022-05-25'),
(1120, 'FCS-AM-1356-19', 'ຕຸກພະຄອນ ', 'ທອງປັນຍາ', 'Wednesday', 'linux system administration', '305', 'HCS6E', 'ພາກຄ່ຳ', '2021-2022', NULL, NULL, 1, 1, '2022-05-25'),
(1121, 'FCS-AM-1407-19', 'ພັນ​ທະ​ວົງ ', '​ສີ​ປ​ະເສີດ', 'Wednesday', 'linux system administration', '305', 'HCS6E', 'ພາກຄ່ຳ', '2021-2022', NULL, NULL, 1, 1, '2022-05-25'),
(1122, 'FCS-AM-1332-19', 'ສຸລິຍາ  ', 'ທຳມະວົງ', 'Wednesday', 'linux system administration', '305', 'HCS6E', 'ພາກຄ່ຳ', '2021-2022', '17:10:00', NULL, 0, 1, '2022-06-01'),
(1123, 'FCS-AM-1334-19', 'ຄຳມະນີ ', 'ໄຊມູນວົງ', 'Wednesday', 'linux system administration', '305', 'HCS6E', 'ພາກຄ່ຳ', '2021-2022', '17:10:00', NULL, 0, 1, '2022-06-01');
INSERT INTO `tb_attandance` (`a_Id`, `st_Id`, `Name`, `Surname`, `d_Name`, `s_Name`, `r_Name`, `cl_Name`, `sc_Period`, `sc_Year`, `time_In`, `time_Out`, `first_Absence`, `second_Absence`, `date`) VALUES
(1124, 'FCS-AM-1349-19', 'ຂັນທະລີ', 'ທີບວີໄຊ', 'Wednesday', 'linux system administration', '305', 'HCS6E', 'ພາກຄ່ຳຄ່ຳ', '2021-2022', '17:10:00', NULL, 0, 1, '2022-06-01'),
(1125, 'FCS-AM-1356-19', 'ຕຸກພະຄອນ ', 'ທອງປັນຍາ', 'Wednesday', 'linux system administration', '305', 'HCS6E', 'ພາກຄ່ຳ', '2021-2022', '17:10:00', NULL, 0, 1, '2022-06-01'),
(1126, 'FCS-AM-1407-19', 'ພັນ​ທະ​ວົງ ', '​ສີ​ປ​ະເສີດ', 'Wednesday', 'linux system administration', '305', 'HCS6E', 'ພາກຄ່ຳ', '2021-2022', '17:10:00', NULL, 0, 1, '2022-06-01'),
(1127, 'FCS-AM-1332-19', 'ສຸລິຍາ  ', 'ທຳມະວົງ', 'Wednesday', 'linux system administration', '305', 'HCS6E', 'ພາກຄ່ຳ', '2021-2022', '17:10:00', '20:00:00', 0, 0, '2022-06-08'),
(1128, 'FCS-AM-1334-19', 'ຄຳມະນີ ', 'ໄຊມູນວົງ', 'Wednesday', 'linux system administration', '305', 'HCS6E', 'ພາກຄ່ຳ', '2021-2022', '17:10:00', '20:00:00', 0, 0, '2022-06-08'),
(1129, 'FCS-AM-1349-19', 'ຂັນທະລີ', 'ທີບວີໄຊ', 'Wednesday', 'linux system administration', '305', 'HCS6E', 'ພາກຄ່ຳຄ່ຳ', '2021-2022', '17:10:00', '20:00:00', 0, 0, '2022-06-08'),
(1130, 'FCS-AM-1356-19', 'ຕຸກພະຄອນ ', 'ທອງປັນຍາ', 'Wednesday', 'linux system administration', '305', 'HCS6E', 'ພາກຄ່ຳ', '2021-2022', '17:10:00', '20:00:00', 0, 0, '2022-06-08'),
(1131, 'FCS-AM-1407-19', 'ພັນ​ທະ​ວົງ ', '​ສີ​ປ​ະເສີດ', 'Wednesday', 'linux system administration', '305', 'HCS6E', 'ພາກຄ່ຳ', '2021-2022', '17:10:00', '20:00:00', 0, 0, '2022-06-08'),
(1132, 'FCS-AM-1332-19', 'ສຸລິຍາ  ', 'ທຳມະວົງ', 'Wednesday', 'linux system administration', '305', 'HCS6E', 'ພາກຄ່ຳ', '2021-2022', '17:10:00', NULL, 0, 1, '2022-06-15'),
(1133, 'FCS-AM-1334-19', 'ຄຳມະນີ ', 'ໄຊມູນວົງ', 'Wednesday', 'linux system administration', '305', 'HCS6E', 'ພາກຄ່ຳ', '2021-2022', '17:10:00', NULL, 0, 1, '2022-06-15'),
(1134, 'FCS-AM-1349-19', 'ຂັນທະລີ', 'ທີບວີໄຊ', 'Wednesday', 'linux system administration', '305', 'HCS6E', 'ພາກຄ່ຳຄ່ຳ', '2021-2022', '17:10:00', NULL, 0, 1, '2022-06-15'),
(1135, 'FCS-AM-1356-19', 'ຕຸກພະຄອນ ', 'ທອງປັນຍາ', 'Wednesday', 'linux system administration', '305', 'HCS6E', 'ພາກຄ່ຳ', '2021-2022', '17:10:00', NULL, 0, 1, '2022-06-15'),
(1136, 'FCS-AM-1407-19', 'ພັນ​ທະ​ວົງ ', '​ສີ​ປ​ະເສີດ', 'Wednesday', 'linux system administration', '305', 'HCS6E', 'ພາກຄ່ຳ', '2021-2022', '17:10:00', NULL, 0, 1, '2022-06-15'),
(1137, 'FCS-AM-1332-19', 'ສຸລິຍາ  ', 'ທຳມະວົງ', 'Wednesday', 'linux system administration', '305', 'HCS6E', 'ພາກຄ່ຳ', '2021-2022', '17:10:00', NULL, 0, 1, '2022-06-22'),
(1138, 'FCS-AM-1334-19', 'ຄຳມະນີ ', 'ໄຊມູນວົງ', 'Wednesday', 'linux system administration', '305', 'HCS6E', 'ພາກຄ່ຳ', '2021-2022', '17:10:00', NULL, 0, 1, '2022-06-22'),
(1139, 'FCS-AM-1349-19', 'ຂັນທະລີ', 'ທີບວີໄຊ', 'Wednesday', 'linux system administration', '305', 'HCS6E', 'ພາກຄ່ຳຄ່ຳ', '2021-2022', '17:10:00', NULL, 0, 1, '2022-06-22'),
(1140, 'FCS-AM-1356-19', 'ຕຸກພະຄອນ ', 'ທອງປັນຍາ', 'Wednesday', 'linux system administration', '305', 'HCS6E', 'ພາກຄ່ຳ', '2021-2022', '17:10:00', NULL, 0, 1, '2022-06-22'),
(1141, 'FCS-AM-1407-19', 'ພັນ​ທະ​ວົງ ', '​ສີ​ປ​ະເສີດ', 'Wednesday', 'linux system administration', '305', 'HCS6E', 'ພາກຄ່ຳ', '2021-2022', '17:10:00', NULL, 0, 1, '2022-06-22'),
(1142, 'FCS-AM-1332-19', 'ສຸລິຍາ  ', 'ທຳມະວົງ', 'Wednesday', 'linux system administration', '305', 'HCS6E', 'ພາກຄ່ຳ', '2021-2022', '17:10:00', NULL, 0, 1, '2022-06-29'),
(1143, 'FCS-AM-1334-19', 'ຄຳມະນີ ', 'ໄຊມູນວົງ', 'Wednesday', 'linux system administration', '305', 'HCS6E', 'ພາກຄ່ຳ', '2021-2022', '17:10:00', NULL, 0, 1, '2022-06-29'),
(1144, 'FCS-AM-1349-19', 'ຂັນທະລີ', 'ທີບວີໄຊ', 'Wednesday', 'linux system administration', '305', 'HCS6E', 'ພາກຄ່ຳຄ່ຳ', '2021-2022', '17:10:00', NULL, 0, 1, '2022-06-29'),
(1145, 'FCS-AM-1356-19', 'ຕຸກພະຄອນ ', 'ທອງປັນຍາ', 'Wednesday', 'linux system administration', '305', 'HCS6E', 'ພາກຄ່ຳ', '2021-2022', '17:10:00', NULL, 0, 1, '2022-06-29'),
(1146, 'FCS-AM-1407-19', 'ພັນ​ທະ​ວົງ ', '​ສີ​ປ​ະເສີດ', 'Wednesday', 'linux system administration', '305', 'HCS6E', 'ພາກຄ່ຳ', '2021-2022', '17:10:00', NULL, 0, 1, '2022-06-29'),
(1147, 'FCS-AM-1332-19', 'ສຸລິຍາ  ', 'ທຳມະວົງ', 'Thursday', 'Digital Image processing', '309', 'HCS6E', 'ພາກຄ່ຳ', '2021-2022', '17:10:00', '20:00:00', 0, 0, '2022-05-05'),
(1148, 'FCS-AM-1334-19', 'ຄຳມະນີ ', 'ໄຊມູນວົງ', 'Thursday', 'Digital Image processing', '309', 'HCS6E', 'ພາກຄ່ຳ', '2021-2022', '17:10:00', '20:00:00', 0, 0, '2022-05-05'),
(1149, 'FCS-AM-1349-19', 'ຂັນທະລີ', 'ທີບວີໄຊ', 'Thursday', 'Digital Image processing', '309', 'HCS6E', 'ພາກຄ່ຳຄ່ຳ', '2021-2022', '17:10:00', '20:00:00', 0, 0, '2022-05-05'),
(1150, 'FCS-AM-1356-19', 'ຕຸກພະຄອນ ', 'ທອງປັນຍາ', 'Thursday', 'Digital Image processing', '309', 'HCS6E', 'ພາກຄ່ຳ', '2021-2022', '17:10:00', '20:00:00', 0, 0, '2022-05-05'),
(1151, 'FCS-AM-1407-19', 'ພັນ​ທະ​ວົງ ', '​ສີ​ປ​ະເສີດ', 'Thursday', 'Digital Image processing', '309', 'HCS6E', 'ພາກຄ່ຳ', '2021-2022', '17:10:00', '20:00:00', 0, 0, '2022-05-05'),
(1152, 'FCS-AM-1332-19', 'ສຸລິຍາ  ', 'ທຳມະວົງ', 'Thursday', 'Digital Image processing', '309', 'HCS6E', 'ພາກຄ່ຳ', '2021-2022', NULL, '17:15:00', 1, 0, '2022-05-12'),
(1153, 'FCS-AM-1334-19', 'ຄຳມະນີ ', 'ໄຊມູນວົງ', 'Thursday', 'Digital Image processing', '309', 'HCS6E', 'ພາກຄ່ຳ', '2021-2022', NULL, '17:15:00', 1, 0, '2022-05-12'),
(1154, 'FCS-AM-1349-19', 'ຂັນທະລີ', 'ທີບວີໄຊ', 'Thursday', 'Digital Image processing', '309', 'HCS6E', 'ພາກຄ່ຳຄ່ຳ', '2021-2022', NULL, '17:15:00', 1, 0, '2022-05-12'),
(1155, 'FCS-AM-1356-19', 'ຕຸກພະຄອນ ', 'ທອງປັນຍາ', 'Thursday', 'Digital Image processing', '309', 'HCS6E', 'ພາກຄ່ຳ', '2021-2022', NULL, '17:15:00', 1, 0, '2022-05-12'),
(1156, 'FCS-AM-1407-19', 'ພັນ​ທະ​ວົງ ', '​ສີ​ປ​ະເສີດ', 'Thursday', 'Digital Image processing', '309', 'HCS6E', 'ພາກຄ່ຳ', '2021-2022', NULL, '17:15:00', 1, 0, '2022-05-12'),
(1157, 'FCS-AM-1332-19', 'ສຸລິຍາ  ', 'ທຳມະວົງ', 'Thursday', 'Digital Image processing', '309', 'HCS6E', 'ພາກຄ່ຳ', '2021-2022', NULL, NULL, 1, 1, '2022-05-19'),
(1158, 'FCS-AM-1334-19', 'ຄຳມະນີ ', 'ໄຊມູນວົງ', 'Thursday', 'Digital Image processing', '309', 'HCS6E', 'ພາກຄ່ຳ', '2021-2022', NULL, NULL, 1, 1, '2022-05-19'),
(1159, 'FCS-AM-1349-19', 'ຂັນທະລີ', 'ທີບວີໄຊ', 'Thursday', 'Digital Image processing', '309', 'HCS6E', 'ພາກຄ່ຳຄ່ຳ', '2021-2022', NULL, NULL, 1, 1, '2022-05-19'),
(1160, 'FCS-AM-1356-19', 'ຕຸກພະຄອນ ', 'ທອງປັນຍາ', 'Thursday', 'Digital Image processing', '309', 'HCS6E', 'ພາກຄ່ຳ', '2021-2022', NULL, NULL, 1, 1, '2022-05-19'),
(1161, 'FCS-AM-1407-19', 'ພັນ​ທະ​ວົງ ', '​ສີ​ປ​ະເສີດ', 'Thursday', 'Digital Image processing', '309', 'HCS6E', 'ພາກຄ່ຳ', '2021-2022', NULL, NULL, 1, 1, '2022-05-19'),
(1162, 'FCS-AM-1332-19', 'ສຸລິຍາ  ', 'ທຳມະວົງ', 'Thursday', 'Digital Image processing', '309', 'HCS6E', 'ພາກຄ່ຳ', '2021-2022', '17:10:00', NULL, 0, 1, '2022-05-26'),
(1163, 'FCS-AM-1334-19', 'ຄຳມະນີ ', 'ໄຊມູນວົງ', 'Thursday', 'Digital Image processing', '309', 'HCS6E', 'ພາກຄ່ຳ', '2021-2022', '17:10:00', NULL, 0, 1, '2022-05-26'),
(1164, 'FCS-AM-1349-19', 'ຂັນທະລີ', 'ທີບວີໄຊ', 'Thursday', 'Digital Image processing', '309', 'HCS6E', 'ພາກຄ່ຳຄ່ຳ', '2021-2022', '17:10:00', NULL, 0, 1, '2022-05-26'),
(1165, 'FCS-AM-1356-19', 'ຕຸກພະຄອນ ', 'ທອງປັນຍາ', 'Thursday', 'Digital Image processing', '309', 'HCS6E', 'ພາກຄ່ຳ', '2021-2022', '17:10:00', NULL, 0, 1, '2022-05-26'),
(1166, 'FCS-AM-1407-19', 'ພັນ​ທະ​ວົງ ', '​ສີ​ປ​ະເສີດ', 'Thursday', 'Digital Image processing', '309', 'HCS6E', 'ພາກຄ່ຳ', '2021-2022', '17:10:00', NULL, 0, 1, '2022-05-26'),
(1167, 'FCS-AM-1332-19', 'ສຸລິຍາ  ', 'ທຳມະວົງ', 'Thursday', 'Digital Image processing', '309', 'HCS6E', 'ພາກຄ່ຳ', '2021-2022', NULL, '17:15:00', 1, 0, '2022-06-02'),
(1168, 'FCS-AM-1334-19', 'ຄຳມະນີ ', 'ໄຊມູນວົງ', 'Thursday', 'Digital Image processing', '309', 'HCS6E', 'ພາກຄ່ຳ', '2021-2022', NULL, '17:15:00', 1, 0, '2022-06-02'),
(1169, 'FCS-AM-1349-19', 'ຂັນທະລີ', 'ທີບວີໄຊ', 'Thursday', 'Digital Image processing', '309', 'HCS6E', 'ພາກຄ່ຳຄ່ຳ', '2021-2022', NULL, '17:15:00', 1, 0, '2022-06-02'),
(1170, 'FCS-AM-1356-19', 'ຕຸກພະຄອນ ', 'ທອງປັນຍາ', 'Thursday', 'Digital Image processing', '309', 'HCS6E', 'ພາກຄ່ຳ', '2021-2022', NULL, '17:15:00', 1, 0, '2022-06-02'),
(1171, 'FCS-AM-1407-19', 'ພັນ​ທະ​ວົງ ', '​ສີ​ປ​ະເສີດ', 'Thursday', 'Digital Image processing', '309', 'HCS6E', 'ພາກຄ່ຳ', '2021-2022', NULL, '17:15:00', 1, 0, '2022-06-02'),
(1172, 'FCS-AM-1332-19', 'ສຸລິຍາ  ', 'ທຳມະວົງ', 'Thursday', 'Digital Image processing', '309', 'HCS6E', 'ພາກຄ່ຳ', '2021-2022', '17:10:00', '20:00:00', 0, 0, '2022-06-09'),
(1173, 'FCS-AM-1334-19', 'ຄຳມະນີ ', 'ໄຊມູນວົງ', 'Thursday', 'Digital Image processing', '309', 'HCS6E', 'ພາກຄ່ຳ', '2021-2022', '17:10:00', '20:00:00', 0, 0, '2022-06-09'),
(1174, 'FCS-AM-1349-19', 'ຂັນທະລີ', 'ທີບວີໄຊ', 'Thursday', 'Digital Image processing', '309', 'HCS6E', 'ພາກຄ່ຳຄ່ຳ', '2021-2022', '17:10:00', '20:00:00', 0, 0, '2022-06-09'),
(1175, 'FCS-AM-1356-19', 'ຕຸກພະຄອນ ', 'ທອງປັນຍາ', 'Thursday', 'Digital Image processing', '309', 'HCS6E', 'ພາກຄ່ຳ', '2021-2022', '17:10:00', '20:00:00', 0, 0, '2022-06-09'),
(1176, 'FCS-AM-1407-19', 'ພັນ​ທະ​ວົງ ', '​ສີ​ປ​ະເສີດ', 'Thursday', 'Digital Image processing', '309', 'HCS6E', 'ພາກຄ່ຳ', '2021-2022', '17:10:00', '20:00:00', 0, 0, '2022-06-09'),
(1177, 'FCS-AM-1332-19', 'ສຸລິຍາ  ', 'ທຳມະວົງ', 'Thursday', 'Digital Image processing', '309', 'HCS6E', 'ພາກຄ່ຳ', '2021-2022', '17:10:00', NULL, 0, 1, '2022-06-16'),
(1178, 'FCS-AM-1334-19', 'ຄຳມະນີ ', 'ໄຊມູນວົງ', 'Thursday', 'Digital Image processing', '309', 'HCS6E', 'ພາກຄ່ຳ', '2021-2022', '17:10:00', NULL, 0, 1, '2022-06-16'),
(1179, 'FCS-AM-1349-19', 'ຂັນທະລີ', 'ທີບວີໄຊ', 'Thursday', 'Digital Image processing', '309', 'HCS6E', 'ພາກຄ່ຳຄ່ຳ', '2021-2022', '17:10:00', NULL, 0, 1, '2022-06-16'),
(1180, 'FCS-AM-1356-19', 'ຕຸກພະຄອນ ', 'ທອງປັນຍາ', 'Thursday', 'Digital Image processing', '309', 'HCS6E', 'ພາກຄ່ຳ', '2021-2022', '17:10:00', NULL, 0, 1, '2022-06-16'),
(1181, 'FCS-AM-1407-19', 'ພັນ​ທະ​ວົງ ', '​ສີ​ປ​ະເສີດ', 'Thursday', 'Digital Image processing', '309', 'HCS6E', 'ພາກຄ່ຳ', '2021-2022', '17:10:00', NULL, 0, 1, '2022-06-16'),
(1182, 'FCS-AM-1332-19', 'ສຸລິຍາ  ', 'ທຳມະວົງ', 'Thursday', 'Digital Image processing', '309', 'HCS6E', 'ພາກຄ່ຳ', '2021-2022', '17:10:00', '20:00:00', 0, 0, '2022-06-23'),
(1183, 'FCS-AM-1334-19', 'ຄຳມະນີ ', 'ໄຊມູນວົງ', 'Thursday', 'Digital Image processing', '309', 'HCS6E', 'ພາກຄ່ຳ', '2021-2022', '17:10:00', '20:00:00', 0, 0, '2022-06-23'),
(1184, 'FCS-AM-1349-19', 'ຂັນທະລີ', 'ທີບວີໄຊ', 'Thursday', 'Digital Image processing', '309', 'HCS6E', 'ພາກຄ່ຳຄ່ຳ', '2021-2022', '17:10:00', '20:00:00', 0, 0, '2022-06-23'),
(1185, 'FCS-AM-1356-19', 'ຕຸກພະຄອນ ', 'ທອງປັນຍາ', 'Thursday', 'Digital Image processing', '309', 'HCS6E', 'ພາກຄ່ຳ', '2021-2022', '17:10:00', '20:00:00', 0, 0, '2022-06-23'),
(1186, 'FCS-AM-1407-19', 'ພັນ​ທະ​ວົງ ', '​ສີ​ປ​ະເສີດ', 'Thursday', 'Digital Image processing', '309', 'HCS6E', 'ພາກຄ່ຳ', '2021-2022', '17:10:00', '20:00:00', 0, 0, '2022-06-23'),
(1187, 'FCS-AM-1332-19', 'ສຸລິຍາ  ', 'ທຳມະວົງ', 'Thursday', 'Digital Image processing', '309', 'HCS6E', 'ພາກຄ່ຳ', '2021-2022', NULL, '17:15:00', 1, 0, '2022-06-30'),
(1188, 'FCS-AM-1334-19', 'ຄຳມະນີ ', 'ໄຊມູນວົງ', 'Thursday', 'Digital Image processing', '309', 'HCS6E', 'ພາກຄ່ຳ', '2021-2022', NULL, '17:15:00', 1, 0, '2022-06-30'),
(1189, 'FCS-AM-1349-19', 'ຂັນທະລີ', 'ທີບວີໄຊ', 'Thursday', 'Digital Image processing', '309', 'HCS6E', 'ພາກຄ່ຳຄ່ຳ', '2021-2022', NULL, '17:15:00', 1, 0, '2022-06-30'),
(1190, 'FCS-AM-1356-19', 'ຕຸກພະຄອນ ', 'ທອງປັນຍາ', 'Thursday', 'Digital Image processing', '309', 'HCS6E', 'ພາກຄ່ຳ', '2021-2022', NULL, '17:15:00', 1, 0, '2022-06-30'),
(1191, 'FCS-AM-1407-19', 'ພັນ​ທະ​ວົງ ', '​ສີ​ປ​ະເສີດ', 'Thursday', 'Digital Image processing', '309', 'HCS6E', 'ພາກຄ່ຳ', '2021-2022', NULL, '17:15:00', 1, 0, '2022-06-30'),
(1192, 'FCS-AM-1332-19', 'ສຸລິຍາ  ', 'ທຳມະວົງ', 'Friday', 'Mobile Application Programming', '309', 'HCS6E', 'ພາກຄ່ຳ', '2021-2022', NULL, NULL, 1, 1, '2022-05-06'),
(1193, 'FCS-AM-1334-19', 'ຄຳມະນີ ', 'ໄຊມູນວົງ', 'Friday', 'Mobile Application Programming', '309', 'HCS6E', 'ພາກຄ່ຳ', '2021-2022', NULL, NULL, 1, 1, '2022-05-06'),
(1194, 'FCS-AM-1349-19', 'ຂັນທະລີ', 'ທີບວີໄຊ', 'Friday', 'Mobile Application Programming', '309', 'HCS6E', 'ພາກຄ່ຳຄ່ຳ', '2021-2022', NULL, NULL, 1, 1, '2022-05-06'),
(1195, 'FCS-AM-1356-19', 'ຕຸກພະຄອນ ', 'ທອງປັນຍາ', 'Friday', 'Mobile Application Programming', '309', 'HCS6E', 'ພາກຄ່ຳ', '2021-2022', NULL, NULL, 1, 1, '2022-05-06'),
(1196, 'FCS-AM-1407-19', 'ພັນ​ທະ​ວົງ ', '​ສີ​ປ​ະເສີດ', 'Friday', 'Mobile Application Programming', '309', 'HCS6E', 'ພາກຄ່ຳ', '2021-2022', NULL, NULL, 1, 1, '2022-05-06'),
(1197, 'FCS-AM-1332-19', 'ສຸລິຍາ  ', 'ທຳມະວົງ', 'Friday', 'Mobile Application Programming', '309', 'HCS6E', 'ພາກຄ່ຳ', '2021-2022', NULL, '17:15:00', 1, 0, '2022-05-13'),
(1198, 'FCS-AM-1334-19', 'ຄຳມະນີ ', 'ໄຊມູນວົງ', 'Friday', 'Mobile Application Programming', '309', 'HCS6E', 'ພາກຄ່ຳ', '2021-2022', NULL, '17:15:00', 1, 0, '2022-05-13'),
(1199, 'FCS-AM-1349-19', 'ຂັນທະລີ', 'ທີບວີໄຊ', 'Friday', 'Mobile Application Programming', '309', 'HCS6E', 'ພາກຄ່ຳຄ່ຳ', '2021-2022', NULL, '17:15:00', 1, 0, '2022-05-13'),
(1200, 'FCS-AM-1356-19', 'ຕຸກພະຄອນ ', 'ທອງປັນຍາ', 'Friday', 'Mobile Application Programming', '309', 'HCS6E', 'ພາກຄ່ຳ', '2021-2022', NULL, '17:15:00', 1, 0, '2022-05-13'),
(1201, 'FCS-AM-1407-19', 'ພັນ​ທະ​ວົງ ', '​ສີ​ປ​ະເສີດ', 'Friday', 'Mobile Application Programming', '309', 'HCS6E', 'ພາກຄ່ຳ', '2021-2022', NULL, '17:15:00', 1, 0, '2022-05-13'),
(1202, 'FCS-AM-1332-19', 'ສຸລິຍາ  ', 'ທຳມະວົງ', 'Friday', 'Mobile Application Programming', '309', 'HCS6E', 'ພາກຄ່ຳ', '2021-2022', '17:10:00', NULL, 0, 1, '2022-05-20'),
(1203, 'FCS-AM-1334-19', 'ຄຳມະນີ ', 'ໄຊມູນວົງ', 'Friday', 'Mobile Application Programming', '309', 'HCS6E', 'ພາກຄ່ຳ', '2021-2022', '17:10:00', NULL, 0, 1, '2022-05-20'),
(1204, 'FCS-AM-1349-19', 'ຂັນທະລີ', 'ທີບວີໄຊ', 'Friday', 'Mobile Application Programming', '309', 'HCS6E', 'ພາກຄ່ຳຄ່ຳ', '2021-2022', '17:10:00', NULL, 0, 1, '2022-05-20'),
(1205, 'FCS-AM-1356-19', 'ຕຸກພະຄອນ ', 'ທອງປັນຍາ', 'Friday', 'Mobile Application Programming', '309', 'HCS6E', 'ພາກຄ່ຳ', '2021-2022', '17:10:00', NULL, 0, 1, '2022-05-20'),
(1206, 'FCS-AM-1407-19', 'ພັນ​ທະ​ວົງ ', '​ສີ​ປ​ະເສີດ', 'Friday', 'Mobile Application Programming', '309', 'HCS6E', 'ພາກຄ່ຳ', '2021-2022', '17:10:00', NULL, 0, 1, '2022-05-20'),
(1207, 'FCS-AM-1332-19', 'ສຸລິຍາ  ', 'ທຳມະວົງ', 'Friday', 'Mobile Application Programming', '309', 'HCS6E', 'ພາກຄ່ຳ', '2021-2022', NULL, NULL, 1, 1, '2022-05-27'),
(1208, 'FCS-AM-1334-19', 'ຄຳມະນີ ', 'ໄຊມູນວົງ', 'Friday', 'Mobile Application Programming', '309', 'HCS6E', 'ພາກຄ່ຳ', '2021-2022', NULL, NULL, 1, 1, '2022-05-27'),
(1209, 'FCS-AM-1349-19', 'ຂັນທະລີ', 'ທີບວີໄຊ', 'Friday', 'Mobile Application Programming', '309', 'HCS6E', 'ພາກຄ່ຳຄ່ຳ', '2021-2022', NULL, NULL, 1, 1, '2022-05-27'),
(1210, 'FCS-AM-1356-19', 'ຕຸກພະຄອນ ', 'ທອງປັນຍາ', 'Friday', 'Mobile Application Programming', '309', 'HCS6E', 'ພາກຄ່ຳ', '2021-2022', NULL, NULL, 1, 1, '2022-05-27'),
(1211, 'FCS-AM-1407-19', 'ພັນ​ທະ​ວົງ ', '​ສີ​ປ​ະເສີດ', 'Friday', 'Mobile Application Programming', '309', 'HCS6E', 'ພາກຄ່ຳ', '2021-2022', NULL, NULL, 1, 1, '2022-05-27'),
(1212, 'FCS-AM-1332-19', 'ສຸລິຍາ  ', 'ທຳມະວົງ', 'Friday', 'Mobile Application Programming', '309', 'HCS6E', 'ພາກຄ່ຳ', '2021-2022', NULL, NULL, 1, 1, '2022-06-03'),
(1213, 'FCS-AM-1334-19', 'ຄຳມະນີ ', 'ໄຊມູນວົງ', 'Friday', 'Mobile Application Programming', '309', 'HCS6E', 'ພາກຄ່ຳ', '2021-2022', NULL, NULL, 1, 1, '2022-06-03'),
(1214, 'FCS-AM-1349-19', 'ຂັນທະລີ', 'ທີບວີໄຊ', 'Friday', 'Mobile Application Programming', '309', 'HCS6E', 'ພາກຄ່ຳຄ່ຳ', '2021-2022', NULL, NULL, 1, 1, '2022-06-03'),
(1215, 'FCS-AM-1356-19', 'ຕຸກພະຄອນ ', 'ທອງປັນຍາ', 'Friday', 'Mobile Application Programming', '309', 'HCS6E', 'ພາກຄ່ຳ', '2021-2022', NULL, NULL, 1, 1, '2022-06-03'),
(1216, 'FCS-AM-1407-19', 'ພັນ​ທະ​ວົງ ', '​ສີ​ປ​ະເສີດ', 'Friday', 'Mobile Application Programming', '309', 'HCS6E', 'ພາກຄ່ຳ', '2021-2022', NULL, NULL, 1, 1, '2022-06-03'),
(1217, 'FCS-AM-1332-19', 'ສຸລິຍາ  ', 'ທຳມະວົງ', 'Friday', 'Mobile Application Programming', '309', 'HCS6E', 'ພາກຄ່ຳ', '2021-2022', '17:10:00', NULL, 0, 1, '2022-06-10'),
(1218, 'FCS-AM-1334-19', 'ຄຳມະນີ ', 'ໄຊມູນວົງ', 'Friday', 'Mobile Application Programming', '309', 'HCS6E', 'ພາກຄ່ຳ', '2021-2022', '17:10:00', NULL, 0, 1, '2022-06-10'),
(1219, 'FCS-AM-1349-19', 'ຂັນທະລີ', 'ທີບວີໄຊ', 'Friday', 'Mobile Application Programming', '309', 'HCS6E', 'ພາກຄ່ຳຄ່ຳ', '2021-2022', '17:10:00', NULL, 0, 1, '2022-06-10'),
(1220, 'FCS-AM-1356-19', 'ຕຸກພະຄອນ ', 'ທອງປັນຍາ', 'Friday', 'Mobile Application Programming', '309', 'HCS6E', 'ພາກຄ່ຳ', '2021-2022', '17:10:00', NULL, 0, 1, '2022-06-10'),
(1221, 'FCS-AM-1407-19', 'ພັນ​ທະ​ວົງ ', '​ສີ​ປ​ະເສີດ', 'Friday', 'Mobile Application Programming', '309', 'HCS6E', 'ພາກຄ່ຳ', '2021-2022', '17:10:00', NULL, 0, 1, '2022-06-10'),
(1222, 'FCS-AM-1332-19', 'ສຸລິຍາ  ', 'ທຳມະວົງ', 'Friday', 'Mobile Application Programming', '309', 'HCS6E', 'ພາກຄ່ຳ', '2021-2022', NULL, NULL, 1, 1, '2022-06-17'),
(1223, 'FCS-AM-1334-19', 'ຄຳມະນີ ', 'ໄຊມູນວົງ', 'Friday', 'Mobile Application Programming', '309', 'HCS6E', 'ພາກຄ່ຳ', '2021-2022', NULL, NULL, 1, 1, '2022-06-17'),
(1224, 'FCS-AM-1349-19', 'ຂັນທະລີ', 'ທີບວີໄຊ', 'Friday', 'Mobile Application Programming', '309', 'HCS6E', 'ພາກຄ່ຳຄ່ຳ', '2021-2022', NULL, NULL, 1, 1, '2022-06-17'),
(1225, 'FCS-AM-1356-19', 'ຕຸກພະຄອນ ', 'ທອງປັນຍາ', 'Friday', 'Mobile Application Programming', '309', 'HCS6E', 'ພາກຄ່ຳ', '2021-2022', NULL, NULL, 1, 1, '2022-06-17'),
(1226, 'FCS-AM-1407-19', 'ພັນ​ທະ​ວົງ ', '​ສີ​ປ​ະເສີດ', 'Friday', 'Mobile Application Programming', '309', 'HCS6E', 'ພາກຄ່ຳ', '2021-2022', NULL, NULL, 1, 1, '2022-06-17'),
(1227, 'FCS-AM-1332-19', 'ສຸລິຍາ  ', 'ທຳມະວົງ', 'Friday', 'Mobile Application Programming', '309', 'HCS6E', 'ພາກຄ່ຳ', '2021-2022', '17:10:00', '20:00:00', 0, 0, '2022-06-24'),
(1228, 'FCS-AM-1334-19', 'ຄຳມະນີ ', 'ໄຊມູນວົງ', 'Friday', 'Mobile Application Programming', '309', 'HCS6E', 'ພາກຄ່ຳ', '2021-2022', '17:10:00', '20:00:00', 0, 0, '2022-06-24'),
(1229, 'FCS-AM-1349-19', 'ຂັນທະລີ', 'ທີບວີໄຊ', 'Friday', 'Mobile Application Programming', '309', 'HCS6E', 'ພາກຄ່ຳຄ່ຳ', '2021-2022', '17:10:00', '20:00:00', 0, 0, '2022-06-24'),
(1230, 'FCS-AM-1356-19', 'ຕຸກພະຄອນ ', 'ທອງປັນຍາ', 'Friday', 'Mobile Application Programming', '309', 'HCS6E', 'ພາກຄ່ຳ', '2021-2022', '17:10:00', '20:00:00', 0, 0, '2022-06-24'),
(1231, 'FCS-AM-1407-19', 'ພັນ​ທະ​ວົງ ', '​ສີ​ປ​ະເສີດ', 'Friday', 'Mobile Application Programming', '309', 'HCS6E', 'ພາກຄ່ຳ', '2021-2022', '17:10:00', '20:00:00', 0, 0, '2022-06-24'),
(1232, 'FCS-AM-1331-19', 'ອານຸສິດ   ', 'ວົງປະເສີດ', 'Monday', 'linux system administration', '307', 'HCS6F', 'ພາກຄ່ຳ', '2021-2022', NULL, '17:15:00', 1, 0, '2022-05-02'),
(1233, 'FCS-AM-1340-19', 'ສົມບັດ ', 'ລາວລີ', 'Monday', 'linux system administration', '307', 'HCS6F', 'ພາກຄ່ຳ', '2021-2022', NULL, '17:15:00', 1, 0, '2022-05-02'),
(1234, 'FCS-AM-1341-19', 'ພິມຍາດາ ', 'ໂອມະນີ', 'Monday', 'linux system administration', '307', 'HCS6F', 'ພາກຄ່ຳຄ່ຳ', '2021-2022', NULL, '17:15:00', 1, 0, '2022-05-02'),
(1235, 'FCS-AM-1344-19', 'ລາພອນ ', 'ກົງສຸລິນ', 'Monday', 'linux system administration', '307', 'HCS6F', 'ພາກຄ່ຳ', '2021-2022', NULL, '17:15:00', 1, 0, '2022-05-02'),
(1236, 'FCS-AM-1426-19', 'ພອນປະເສີດ ', 'ຈັນມະວົງ', 'Monday', 'linux system administration', '307', 'HCS6F', 'ພາກຄ່ຳ', '2021-2022', NULL, '17:15:00', 1, 0, '2022-05-02'),
(1237, 'FCS-AM-1331-19', 'ອານຸສິດ   ', 'ວົງປະເສີດ', 'Monday', 'linux system administration', '307', 'HCS6F', 'ພາກຄ່ຳ', '2021-2022', NULL, '17:15:00', 1, 0, '2022-05-09'),
(1238, 'FCS-AM-1340-19', 'ສົມບັດ ', 'ລາວລີ', 'Monday', 'linux system administration', '307', 'HCS6F', 'ພາກຄ່ຳ', '2021-2022', NULL, '17:15:00', 1, 0, '2022-05-09'),
(1239, 'FCS-AM-1341-19', 'ພິມຍາດາ ', 'ໂອມະນີ', 'Monday', 'linux system administration', '307', 'HCS6F', 'ພາກຄ່ຳຄ່ຳ', '2021-2022', NULL, '17:15:00', 1, 0, '2022-05-09'),
(1240, 'FCS-AM-1344-19', 'ລາພອນ ', 'ກົງສຸລິນ', 'Monday', 'linux system administration', '307', 'HCS6F', 'ພາກຄ່ຳ', '2021-2022', NULL, '17:15:00', 1, 0, '2022-05-09'),
(1241, 'FCS-AM-1426-19', 'ພອນປະເສີດ ', 'ຈັນມະວົງ', 'Monday', 'linux system administration', '307', 'HCS6F', 'ພາກຄ່ຳ', '2021-2022', NULL, '17:15:00', 1, 0, '2022-05-09'),
(1242, 'FCS-AM-1331-19', 'ອານຸສິດ   ', 'ວົງປະເສີດ', 'Monday', 'linux system administration', '307', 'HCS6F', 'ພາກຄ່ຳ', '2021-2022', NULL, '17:15:00', 1, 0, '2022-05-16'),
(1243, 'FCS-AM-1340-19', 'ສົມບັດ ', 'ລາວລີ', 'Monday', 'linux system administration', '307', 'HCS6F', 'ພາກຄ່ຳ', '2021-2022', NULL, '17:15:00', 1, 0, '2022-05-16'),
(1244, 'FCS-AM-1341-19', 'ພິມຍາດາ ', 'ໂອມະນີ', 'Monday', 'linux system administration', '307', 'HCS6F', 'ພາກຄ່ຳຄ່ຳ', '2021-2022', NULL, '17:15:00', 1, 0, '2022-05-16'),
(1245, 'FCS-AM-1344-19', 'ລາພອນ ', 'ກົງສຸລິນ', 'Monday', 'linux system administration', '307', 'HCS6F', 'ພາກຄ່ຳ', '2021-2022', NULL, '17:15:00', 1, 0, '2022-05-16'),
(1246, 'FCS-AM-1426-19', 'ພອນປະເສີດ ', 'ຈັນມະວົງ', 'Monday', 'linux system administration', '307', 'HCS6F', 'ພາກຄ່ຳ', '2021-2022', NULL, '17:15:00', 1, 0, '2022-05-16'),
(1247, 'FCS-AM-1331-19', 'ອານຸສິດ   ', 'ວົງປະເສີດ', 'Monday', 'linux system administration', '307', 'HCS6F', 'ພາກຄ່ຳ', '2021-2022', '17:10:00', '20:00:00', 0, 0, '2022-05-23'),
(1248, 'FCS-AM-1340-19', 'ສົມບັດ ', 'ລາວລີ', 'Monday', 'linux system administration', '307', 'HCS6F', 'ພາກຄ່ຳ', '2021-2022', '17:10:00', '20:00:00', 0, 0, '2022-05-23'),
(1249, 'FCS-AM-1341-19', 'ພິມຍາດາ ', 'ໂອມະນີ', 'Monday', 'linux system administration', '307', 'HCS6F', 'ພາກຄ່ຳຄ່ຳ', '2021-2022', '17:10:00', '20:00:00', 0, 0, '2022-05-23'),
(1250, 'FCS-AM-1344-19', 'ລາພອນ ', 'ກົງສຸລິນ', 'Monday', 'linux system administration', '307', 'HCS6F', 'ພາກຄ່ຳ', '2021-2022', '17:10:00', '20:00:00', 0, 0, '2022-05-23'),
(1251, 'FCS-AM-1426-19', 'ພອນປະເສີດ ', 'ຈັນມະວົງ', 'Monday', 'linux system administration', '307', 'HCS6F', 'ພາກຄ່ຳ', '2021-2022', '17:10:00', '20:00:00', 0, 0, '2022-05-23'),
(1252, 'FCS-AM-1331-19', 'ອານຸສິດ   ', 'ວົງປະເສີດ', 'Monday', 'linux system administration', '307', 'HCS6F', 'ພາກຄ່ຳ', '2021-2022', '17:10:00', NULL, 0, 1, '2022-05-30'),
(1253, 'FCS-AM-1340-19', 'ສົມບັດ ', 'ລາວລີ', 'Monday', 'linux system administration', '307', 'HCS6F', 'ພາກຄ່ຳ', '2021-2022', '17:10:00', NULL, 0, 1, '2022-05-30'),
(1254, 'FCS-AM-1341-19', 'ພິມຍາດາ ', 'ໂອມະນີ', 'Monday', 'linux system administration', '307', 'HCS6F', 'ພາກຄ່ຳຄ່ຳ', '2021-2022', '17:10:00', NULL, 0, 1, '2022-05-30'),
(1255, 'FCS-AM-1344-19', 'ລາພອນ ', 'ກົງສຸລິນ', 'Monday', 'linux system administration', '307', 'HCS6F', 'ພາກຄ່ຳ', '2021-2022', '17:10:00', NULL, 0, 1, '2022-05-30'),
(1256, 'FCS-AM-1426-19', 'ພອນປະເສີດ ', 'ຈັນມະວົງ', 'Monday', 'linux system administration', '307', 'HCS6F', 'ພາກຄ່ຳ', '2021-2022', '17:10:00', NULL, 0, 1, '2022-05-30'),
(1257, 'FCS-AM-1331-19', 'ອານຸສິດ   ', 'ວົງປະເສີດ', 'Monday', 'linux system administration', '307', 'HCS6F', 'ພາກຄ່ຳ', '2021-2022', NULL, NULL, 1, 1, '2022-06-06'),
(1258, 'FCS-AM-1340-19', 'ສົມບັດ ', 'ລາວລີ', 'Monday', 'linux system administration', '307', 'HCS6F', 'ພາກຄ່ຳ', '2021-2022', NULL, NULL, 1, 1, '2022-06-06'),
(1259, 'FCS-AM-1341-19', 'ພິມຍາດາ ', 'ໂອມະນີ', 'Monday', 'linux system administration', '307', 'HCS6F', 'ພາກຄ່ຳຄ່ຳ', '2021-2022', NULL, NULL, 1, 1, '2022-06-06'),
(1260, 'FCS-AM-1344-19', 'ລາພອນ ', 'ກົງສຸລິນ', 'Monday', 'linux system administration', '307', 'HCS6F', 'ພາກຄ່ຳ', '2021-2022', NULL, NULL, 1, 1, '2022-06-06'),
(1261, 'FCS-AM-1426-19', 'ພອນປະເສີດ ', 'ຈັນມະວົງ', 'Monday', 'linux system administration', '307', 'HCS6F', 'ພາກຄ່ຳ', '2021-2022', NULL, NULL, 1, 1, '2022-06-06'),
(1262, 'FCS-AM-1331-19', 'ອານຸສິດ   ', 'ວົງປະເສີດ', 'Monday', 'linux system administration', '307', 'HCS6F', 'ພາກຄ່ຳ', '2021-2022', '17:10:00', NULL, 0, 1, '2022-06-13'),
(1263, 'FCS-AM-1340-19', 'ສົມບັດ ', 'ລາວລີ', 'Monday', 'linux system administration', '307', 'HCS6F', 'ພາກຄ່ຳ', '2021-2022', '17:10:00', NULL, 0, 1, '2022-06-13'),
(1264, 'FCS-AM-1341-19', 'ພິມຍາດາ ', 'ໂອມະນີ', 'Monday', 'linux system administration', '307', 'HCS6F', 'ພາກຄ່ຳຄ່ຳ', '2021-2022', '17:10:00', NULL, 0, 1, '2022-06-13'),
(1265, 'FCS-AM-1344-19', 'ລາພອນ ', 'ກົງສຸລິນ', 'Monday', 'linux system administration', '307', 'HCS6F', 'ພາກຄ່ຳ', '2021-2022', '17:10:00', NULL, 0, 1, '2022-06-13'),
(1266, 'FCS-AM-1426-19', 'ພອນປະເສີດ ', 'ຈັນມະວົງ', 'Monday', 'linux system administration', '307', 'HCS6F', 'ພາກຄ່ຳ', '2021-2022', '17:10:00', NULL, 0, 1, '2022-06-13'),
(1267, 'FCS-AM-1331-19', 'ອານຸສິດ   ', 'ວົງປະເສີດ', 'Monday', 'linux system administration', '307', 'HCS6F', 'ພາກຄ່ຳ', '2021-2022', '17:10:00', NULL, 0, 1, '2022-06-20'),
(1268, 'FCS-AM-1340-19', 'ສົມບັດ ', 'ລາວລີ', 'Monday', 'linux system administration', '307', 'HCS6F', 'ພາກຄ່ຳ', '2021-2022', '17:10:00', NULL, 0, 1, '2022-06-20'),
(1269, 'FCS-AM-1341-19', 'ພິມຍາດາ ', 'ໂອມະນີ', 'Monday', 'linux system administration', '307', 'HCS6F', 'ພາກຄ່ຳຄ່ຳ', '2021-2022', '17:10:00', NULL, 0, 1, '2022-06-20'),
(1270, 'FCS-AM-1344-19', 'ລາພອນ ', 'ກົງສຸລິນ', 'Monday', 'linux system administration', '307', 'HCS6F', 'ພາກຄ່ຳ', '2021-2022', '17:10:00', NULL, 0, 1, '2022-06-20'),
(1271, 'FCS-AM-1426-19', 'ພອນປະເສີດ ', 'ຈັນມະວົງ', 'Monday', 'linux system administration', '307', 'HCS6F', 'ພາກຄ່ຳ', '2021-2022', '17:10:00', NULL, 0, 1, '2022-06-20'),
(1272, 'FCS-AM-1331-19', 'ອານຸສິດ   ', 'ວົງປະເສີດ', 'Monday', 'linux system administration', '307', 'HCS6F', 'ພາກຄ່ຳ', '2021-2022', NULL, '17:15:00', 1, 0, '2022-06-27'),
(1273, 'FCS-AM-1340-19', 'ສົມບັດ ', 'ລາວລີ', 'Monday', 'linux system administration', '307', 'HCS6F', 'ພາກຄ່ຳ', '2021-2022', NULL, '17:15:00', 1, 0, '2022-06-27'),
(1274, 'FCS-AM-1341-19', 'ພິມຍາດາ ', 'ໂອມະນີ', 'Monday', 'linux system administration', '307', 'HCS6F', 'ພາກຄ່ຳຄ່ຳ', '2021-2022', NULL, '17:15:00', 1, 0, '2022-06-27'),
(1275, 'FCS-AM-1344-19', 'ລາພອນ ', 'ກົງສຸລິນ', 'Monday', 'linux system administration', '307', 'HCS6F', 'ພາກຄ່ຳ', '2021-2022', NULL, '17:15:00', 1, 0, '2022-06-27'),
(1276, 'FCS-AM-1426-19', 'ພອນປະເສີດ ', 'ຈັນມະວົງ', 'Monday', 'linux system administration', '307', 'HCS6F', 'ພາກຄ່ຳ', '2021-2022', NULL, '17:15:00', 1, 0, '2022-06-27'),
(1277, 'FCS-AM-1331-19', 'ອານຸສິດ   ', 'ວົງປະເສີດ', 'Tuesday', 'Mobile Application Programming', '307', 'HCS6F', 'ພາກຄ່ຳ', '2021-2022', NULL, '17:15:00', 1, 0, '2022-05-03'),
(1278, 'FCS-AM-1340-19', 'ສົມບັດ ', 'ລາວລີ', 'Tuesday', 'Mobile Application Programming', '307', 'HCS6F', 'ພາກຄ່ຳ', '2021-2022', NULL, '17:15:00', 1, 0, '2022-05-03'),
(1279, 'FCS-AM-1341-19', 'ພິມຍາດາ ', 'ໂອມະນີ', 'Tuesday', 'Mobile Application Programming', '307', 'HCS6F', 'ພາກຄ່ຳຄ່ຳ', '2021-2022', NULL, '17:15:00', 1, 0, '2022-05-03'),
(1280, 'FCS-AM-1344-19', 'ລາພອນ ', 'ກົງສຸລິນ', 'Tuesday', 'Mobile Application Programming', '307', 'HCS6F', 'ພາກຄ່ຳ', '2021-2022', NULL, '17:15:00', 1, 0, '2022-05-03'),
(1281, 'FCS-AM-1426-19', 'ພອນປະເສີດ ', 'ຈັນມະວົງ', 'Tuesday', 'Mobile Application Programming', '307', 'HCS6F', 'ພາກຄ່ຳ', '2021-2022', NULL, '17:15:00', 1, 0, '2022-05-03'),
(1282, 'FCS-AM-1331-19', 'ອານຸສິດ   ', 'ວົງປະເສີດ', 'Tuesday', 'Mobile Application Programming', '307', 'HCS6F', 'ພາກຄ່ຳ', '2021-2022', NULL, NULL, 1, 1, '2022-05-10'),
(1283, 'FCS-AM-1340-19', 'ສົມບັດ ', 'ລາວລີ', 'Tuesday', 'Mobile Application Programming', '307', 'HCS6F', 'ພາກຄ່ຳ', '2021-2022', NULL, NULL, 1, 1, '2022-05-10'),
(1284, 'FCS-AM-1341-19', 'ພິມຍາດາ ', 'ໂອມະນີ', 'Tuesday', 'Mobile Application Programming', '307', 'HCS6F', 'ພາກຄ່ຳຄ່ຳ', '2021-2022', NULL, NULL, 1, 1, '2022-05-10'),
(1285, 'FCS-AM-1344-19', 'ລາພອນ ', 'ກົງສຸລິນ', 'Tuesday', 'Mobile Application Programming', '307', 'HCS6F', 'ພາກຄ່ຳ', '2021-2022', NULL, NULL, 1, 1, '2022-05-10'),
(1286, 'FCS-AM-1426-19', 'ພອນປະເສີດ ', 'ຈັນມະວົງ', 'Tuesday', 'Mobile Application Programming', '307', 'HCS6F', 'ພາກຄ່ຳ', '2021-2022', NULL, NULL, 1, 1, '2022-05-10'),
(1287, 'FCS-AM-1331-19', 'ອານຸສິດ   ', 'ວົງປະເສີດ', 'Tuesday', 'Mobile Application Programming', '307', 'HCS6F', 'ພາກຄ່ຳ', '2021-2022', NULL, NULL, 1, 1, '2022-05-17'),
(1288, 'FCS-AM-1340-19', 'ສົມບັດ ', 'ລາວລີ', 'Tuesday', 'Mobile Application Programming', '307', 'HCS6F', 'ພາກຄ່ຳ', '2021-2022', NULL, NULL, 1, 1, '2022-05-17'),
(1289, 'FCS-AM-1341-19', 'ພິມຍາດາ ', 'ໂອມະນີ', 'Tuesday', 'Mobile Application Programming', '307', 'HCS6F', 'ພາກຄ່ຳຄ່ຳ', '2021-2022', NULL, NULL, 1, 1, '2022-05-17'),
(1290, 'FCS-AM-1344-19', 'ລາພອນ ', 'ກົງສຸລິນ', 'Tuesday', 'Mobile Application Programming', '307', 'HCS6F', 'ພາກຄ່ຳ', '2021-2022', NULL, NULL, 1, 1, '2022-05-17'),
(1291, 'FCS-AM-1426-19', 'ພອນປະເສີດ ', 'ຈັນມະວົງ', 'Tuesday', 'Mobile Application Programming', '307', 'HCS6F', 'ພາກຄ່ຳ', '2021-2022', NULL, NULL, 1, 1, '2022-05-17'),
(1292, 'FCS-AM-1331-19', 'ອານຸສິດ   ', 'ວົງປະເສີດ', 'Tuesday', 'Mobile Application Programming', '307', 'HCS6F', 'ພາກຄ່ຳ', '2021-2022', '17:10:00', '20:00:00', 0, 0, '2022-05-24'),
(1293, 'FCS-AM-1340-19', 'ສົມບັດ ', 'ລາວລີ', 'Tuesday', 'Mobile Application Programming', '307', 'HCS6F', 'ພາກຄ່ຳ', '2021-2022', '17:10:00', '20:00:00', 0, 0, '2022-05-24'),
(1294, 'FCS-AM-1341-19', 'ພິມຍາດາ ', 'ໂອມະນີ', 'Tuesday', 'Mobile Application Programming', '307', 'HCS6F', 'ພາກຄ່ຳຄ່ຳ', '2021-2022', '17:10:00', '20:00:00', 0, 0, '2022-05-24'),
(1295, 'FCS-AM-1344-19', 'ລາພອນ ', 'ກົງສຸລິນ', 'Tuesday', 'Mobile Application Programming', '307', 'HCS6F', 'ພາກຄ່ຳ', '2021-2022', '17:10:00', '20:00:00', 0, 0, '2022-05-24'),
(1296, 'FCS-AM-1426-19', 'ພອນປະເສີດ ', 'ຈັນມະວົງ', 'Tuesday', 'Mobile Application Programming', '307', 'HCS6F', 'ພາກຄ່ຳ', '2021-2022', '17:10:00', '20:00:00', 0, 0, '2022-05-24'),
(1297, 'FCS-AM-1331-19', 'ອານຸສິດ   ', 'ວົງປະເສີດ', 'Tuesday', 'Mobile Application Programming', '307', 'HCS6F', 'ພາກຄ່ຳ', '2021-2022', '17:10:00', '20:00:00', 0, 0, '2022-05-31'),
(1298, 'FCS-AM-1340-19', 'ສົມບັດ ', 'ລາວລີ', 'Tuesday', 'Mobile Application Programming', '307', 'HCS6F', 'ພາກຄ່ຳ', '2021-2022', '17:10:00', '20:00:00', 0, 0, '2022-05-31'),
(1299, 'FCS-AM-1341-19', 'ພິມຍາດາ ', 'ໂອມະນີ', 'Tuesday', 'Mobile Application Programming', '307', 'HCS6F', 'ພາກຄ່ຳຄ່ຳ', '2021-2022', '17:10:00', '20:00:00', 0, 0, '2022-05-31'),
(1300, 'FCS-AM-1344-19', 'ລາພອນ ', 'ກົງສຸລິນ', 'Tuesday', 'Mobile Application Programming', '307', 'HCS6F', 'ພາກຄ່ຳ', '2021-2022', '17:10:00', '20:00:00', 0, 0, '2022-05-31'),
(1301, 'FCS-AM-1426-19', 'ພອນປະເສີດ ', 'ຈັນມະວົງ', 'Tuesday', 'Mobile Application Programming', '307', 'HCS6F', 'ພາກຄ່ຳ', '2021-2022', '17:10:00', '20:00:00', 0, 0, '2022-05-31'),
(1302, 'FCS-AM-1331-19', 'ອານຸສິດ   ', 'ວົງປະເສີດ', 'Tuesday', 'Mobile Application Programming', '307', 'HCS6F', 'ພາກຄ່ຳ', '2021-2022', NULL, NULL, 1, 1, '2022-06-07'),
(1303, 'FCS-AM-1340-19', 'ສົມບັດ ', 'ລາວລີ', 'Tuesday', 'Mobile Application Programming', '307', 'HCS6F', 'ພາກຄ່ຳ', '2021-2022', NULL, NULL, 1, 1, '2022-06-07'),
(1304, 'FCS-AM-1341-19', 'ພິມຍາດາ ', 'ໂອມະນີ', 'Tuesday', 'Mobile Application Programming', '307', 'HCS6F', 'ພາກຄ່ຳຄ່ຳ', '2021-2022', NULL, NULL, 1, 1, '2022-06-07'),
(1305, 'FCS-AM-1344-19', 'ລາພອນ ', 'ກົງສຸລິນ', 'Tuesday', 'Mobile Application Programming', '307', 'HCS6F', 'ພາກຄ່ຳ', '2021-2022', NULL, NULL, 1, 1, '2022-06-07'),
(1306, 'FCS-AM-1426-19', 'ພອນປະເສີດ ', 'ຈັນມະວົງ', 'Tuesday', 'Mobile Application Programming', '307', 'HCS6F', 'ພາກຄ່ຳ', '2021-2022', NULL, NULL, 1, 1, '2022-06-07'),
(1307, 'FCS-AM-1331-19', 'ອານຸສິດ   ', 'ວົງປະເສີດ', 'Tuesday', 'Mobile Application Programming', '307', 'HCS6F', 'ພາກຄ່ຳ', '2021-2022', '17:10:00', NULL, 0, 1, '2022-06-14'),
(1308, 'FCS-AM-1340-19', 'ສົມບັດ ', 'ລາວລີ', 'Tuesday', 'Mobile Application Programming', '307', 'HCS6F', 'ພາກຄ່ຳ', '2021-2022', '17:10:00', NULL, 0, 1, '2022-06-14'),
(1309, 'FCS-AM-1341-19', 'ພິມຍາດາ ', 'ໂອມະນີ', 'Tuesday', 'Mobile Application Programming', '307', 'HCS6F', 'ພາກຄ່ຳຄ່ຳ', '2021-2022', '17:10:00', NULL, 0, 1, '2022-06-14'),
(1310, 'FCS-AM-1344-19', 'ລາພອນ ', 'ກົງສຸລິນ', 'Tuesday', 'Mobile Application Programming', '307', 'HCS6F', 'ພາກຄ່ຳ', '2021-2022', '17:10:00', NULL, 0, 1, '2022-06-14'),
(1311, 'FCS-AM-1426-19', 'ພອນປະເສີດ ', 'ຈັນມະວົງ', 'Tuesday', 'Mobile Application Programming', '307', 'HCS6F', 'ພາກຄ່ຳ', '2021-2022', '17:10:00', NULL, 0, 1, '2022-06-14'),
(1312, 'FCS-AM-1331-19', 'ອານຸສິດ   ', 'ວົງປະເສີດ', 'Tuesday', 'Mobile Application Programming', '307', 'HCS6F', 'ພາກຄ່ຳ', '2021-2022', '17:10:00', NULL, 0, 1, '2022-06-21'),
(1313, 'FCS-AM-1340-19', 'ສົມບັດ ', 'ລາວລີ', 'Tuesday', 'Mobile Application Programming', '307', 'HCS6F', 'ພາກຄ່ຳ', '2021-2022', '17:10:00', NULL, 0, 1, '2022-06-21'),
(1314, 'FCS-AM-1341-19', 'ພິມຍາດາ ', 'ໂອມະນີ', 'Tuesday', 'Mobile Application Programming', '307', 'HCS6F', 'ພາກຄ່ຳຄ່ຳ', '2021-2022', '17:10:00', NULL, 0, 1, '2022-06-21'),
(1315, 'FCS-AM-1344-19', 'ລາພອນ ', 'ກົງສຸລິນ', 'Tuesday', 'Mobile Application Programming', '307', 'HCS6F', 'ພາກຄ່ຳ', '2021-2022', '17:10:00', NULL, 0, 1, '2022-06-21'),
(1316, 'FCS-AM-1426-19', 'ພອນປະເສີດ ', 'ຈັນມະວົງ', 'Tuesday', 'Mobile Application Programming', '307', 'HCS6F', 'ພາກຄ່ຳ', '2021-2022', '17:10:00', NULL, 0, 1, '2022-06-21'),
(1317, 'FCS-AM-1331-19', 'ອານຸສິດ   ', 'ວົງປະເສີດ', 'Tuesday', 'Mobile Application Programming', '307', 'HCS6F', 'ພາກຄ່ຳ', '2021-2022', '17:10:00', '20:00:00', 0, 0, '2022-06-28'),
(1318, 'FCS-AM-1340-19', 'ສົມບັດ ', 'ລາວລີ', 'Tuesday', 'Mobile Application Programming', '307', 'HCS6F', 'ພາກຄ່ຳ', '2021-2022', '17:10:00', '20:00:00', 0, 0, '2022-06-28'),
(1319, 'FCS-AM-1341-19', 'ພິມຍາດາ ', 'ໂອມະນີ', 'Tuesday', 'Mobile Application Programming', '307', 'HCS6F', 'ພາກຄ່ຳຄ່ຳ', '2021-2022', '17:10:00', '20:00:00', 0, 0, '2022-06-28'),
(1320, 'FCS-AM-1344-19', 'ລາພອນ ', 'ກົງສຸລິນ', 'Tuesday', 'Mobile Application Programming', '307', 'HCS6F', 'ພາກຄ່ຳ', '2021-2022', '17:10:00', '20:00:00', 0, 0, '2022-06-28'),
(1321, 'FCS-AM-1426-19', 'ພອນປະເສີດ ', 'ຈັນມະວົງ', 'Tuesday', 'Mobile Application Programming', '307', 'HCS6F', 'ພາກຄ່ຳ', '2021-2022', '17:10:00', '20:00:00', 0, 0, '2022-06-28'),
(1322, 'FCS-AM-1331-19', 'ອານຸສິດ   ', 'ວົງປະເສີດ', 'Wednesday', 'software programming with java2', '309', 'HCS6F', 'ພາກຄ່ຳ', '2021-2022', NULL, '17:15:00', 1, 0, '2022-05-04'),
(1323, 'FCS-AM-1340-19', 'ສົມບັດ ', 'ລາວລີ', 'Wednesday', 'software programming with java2', '309', 'HCS6F', 'ພາກຄ່ຳ', '2021-2022', NULL, '17:15:00', 1, 0, '2022-05-04'),
(1324, 'FCS-AM-1341-19', 'ພິມຍາດາ ', 'ໂອມະນີ', 'Wednesday', 'software programming with java2', '309', 'HCS6F', 'ພາກຄ່ຳຄ່ຳ', '2021-2022', NULL, '17:15:00', 1, 0, '2022-05-04'),
(1325, 'FCS-AM-1344-19', 'ລາພອນ ', 'ກົງສຸລິນ', 'Wednesday', 'software programming with java2', '309', 'HCS6F', 'ພາກຄ່ຳ', '2021-2022', NULL, '17:15:00', 1, 0, '2022-05-04'),
(1326, 'FCS-AM-1426-19', 'ພອນປະເສີດ ', 'ຈັນມະວົງ', 'Wednesday', 'software programming with java2', '309', 'HCS6F', 'ພາກຄ່ຳ', '2021-2022', NULL, '17:15:00', 1, 0, '2022-05-04'),
(1327, 'FCS-AM-1331-19', 'ອານຸສິດ   ', 'ວົງປະເສີດ', 'Wednesday', 'software programming with java2', '309', 'HCS6F', 'ພາກຄ່ຳ', '2021-2022', '17:10:00', '20:00:00', 0, 0, '2022-05-11'),
(1328, 'FCS-AM-1340-19', 'ສົມບັດ ', 'ລາວລີ', 'Wednesday', 'software programming with java2', '309', 'HCS6F', 'ພາກຄ່ຳ', '2021-2022', '17:10:00', '20:00:00', 0, 0, '2022-05-11'),
(1329, 'FCS-AM-1341-19', 'ພິມຍາດາ ', 'ໂອມະນີ', 'Wednesday', 'software programming with java2', '309', 'HCS6F', 'ພາກຄ່ຳຄ່ຳ', '2021-2022', '17:10:00', '20:00:00', 0, 0, '2022-05-11'),
(1330, 'FCS-AM-1344-19', 'ລາພອນ ', 'ກົງສຸລິນ', 'Wednesday', 'software programming with java2', '309', 'HCS6F', 'ພາກຄ່ຳ', '2021-2022', '17:10:00', '20:00:00', 0, 0, '2022-05-11'),
(1331, 'FCS-AM-1426-19', 'ພອນປະເສີດ ', 'ຈັນມະວົງ', 'Wednesday', 'software programming with java2', '309', 'HCS6F', 'ພາກຄ່ຳ', '2021-2022', '17:10:00', '20:00:00', 0, 0, '2022-05-11'),
(1332, 'FCS-AM-1331-19', 'ອານຸສິດ   ', 'ວົງປະເສີດ', 'Wednesday', 'software programming with java2', '309', 'HCS6F', 'ພາກຄ່ຳ', '2021-2022', '17:10:00', NULL, 0, 1, '2022-05-18'),
(1333, 'FCS-AM-1340-19', 'ສົມບັດ ', 'ລາວລີ', 'Wednesday', 'software programming with java2', '309', 'HCS6F', 'ພາກຄ່ຳ', '2021-2022', '17:10:00', NULL, 0, 1, '2022-05-18'),
(1334, 'FCS-AM-1341-19', 'ພິມຍາດາ ', 'ໂອມະນີ', 'Wednesday', 'software programming with java2', '309', 'HCS6F', 'ພາກຄ່ຳຄ່ຳ', '2021-2022', '17:10:00', NULL, 0, 1, '2022-05-18'),
(1335, 'FCS-AM-1344-19', 'ລາພອນ ', 'ກົງສຸລິນ', 'Wednesday', 'software programming with java2', '309', 'HCS6F', 'ພາກຄ່ຳ', '2021-2022', '17:10:00', NULL, 0, 1, '2022-05-18'),
(1336, 'FCS-AM-1426-19', 'ພອນປະເສີດ ', 'ຈັນມະວົງ', 'Wednesday', 'software programming with java2', '309', 'HCS6F', 'ພາກຄ່ຳ', '2021-2022', '17:10:00', NULL, 0, 1, '2022-05-18'),
(1337, 'FCS-AM-1331-19', 'ອານຸສິດ   ', 'ວົງປະເສີດ', 'Wednesday', 'software programming with java2', '309', 'HCS6F', 'ພາກຄ່ຳ', '2021-2022', NULL, '17:15:00', 1, 0, '2022-05-25'),
(1338, 'FCS-AM-1340-19', 'ສົມບັດ ', 'ລາວລີ', 'Wednesday', 'software programming with java2', '309', 'HCS6F', 'ພາກຄ່ຳ', '2021-2022', NULL, '17:15:00', 1, 0, '2022-05-25'),
(1339, 'FCS-AM-1341-19', 'ພິມຍາດາ ', 'ໂອມະນີ', 'Wednesday', 'software programming with java2', '309', 'HCS6F', 'ພາກຄ່ຳຄ່ຳ', '2021-2022', NULL, '17:15:00', 1, 0, '2022-05-25'),
(1340, 'FCS-AM-1344-19', 'ລາພອນ ', 'ກົງສຸລິນ', 'Wednesday', 'software programming with java2', '309', 'HCS6F', 'ພາກຄ່ຳ', '2021-2022', NULL, '17:15:00', 1, 0, '2022-05-25'),
(1341, 'FCS-AM-1426-19', 'ພອນປະເສີດ ', 'ຈັນມະວົງ', 'Wednesday', 'software programming with java2', '309', 'HCS6F', 'ພາກຄ່ຳ', '2021-2022', NULL, '17:15:00', 1, 0, '2022-05-25'),
(1342, 'FCS-AM-1331-19', 'ອານຸສິດ   ', 'ວົງປະເສີດ', 'Wednesday', 'software programming with java2', '309', 'HCS6F', 'ພາກຄ່ຳ', '2021-2022', '17:10:00', NULL, 0, 1, '2022-06-01'),
(1343, 'FCS-AM-1340-19', 'ສົມບັດ ', 'ລາວລີ', 'Wednesday', 'software programming with java2', '309', 'HCS6F', 'ພາກຄ່ຳ', '2021-2022', '17:10:00', NULL, 0, 1, '2022-06-01'),
(1344, 'FCS-AM-1341-19', 'ພິມຍາດາ ', 'ໂອມະນີ', 'Wednesday', 'software programming with java2', '309', 'HCS6F', 'ພາກຄ່ຳຄ່ຳ', '2021-2022', '17:10:00', NULL, 0, 1, '2022-06-01'),
(1345, 'FCS-AM-1344-19', 'ລາພອນ ', 'ກົງສຸລິນ', 'Wednesday', 'software programming with java2', '309', 'HCS6F', 'ພາກຄ່ຳ', '2021-2022', '17:10:00', NULL, 0, 1, '2022-06-01'),
(1346, 'FCS-AM-1426-19', 'ພອນປະເສີດ ', 'ຈັນມະວົງ', 'Wednesday', 'software programming with java2', '309', 'HCS6F', 'ພາກຄ່ຳ', '2021-2022', '17:10:00', NULL, 0, 1, '2022-06-01'),
(1347, 'FCS-AM-1331-19', 'ອານຸສິດ   ', 'ວົງປະເສີດ', 'Wednesday', 'software programming with java2', '309', 'HCS6F', 'ພາກຄ່ຳ', '2021-2022', NULL, '17:15:00', 1, 0, '2022-06-08'),
(1348, 'FCS-AM-1340-19', 'ສົມບັດ ', 'ລາວລີ', 'Wednesday', 'software programming with java2', '309', 'HCS6F', 'ພາກຄ່ຳ', '2021-2022', NULL, '17:15:00', 1, 0, '2022-06-08'),
(1349, 'FCS-AM-1341-19', 'ພິມຍາດາ ', 'ໂອມະນີ', 'Wednesday', 'software programming with java2', '309', 'HCS6F', 'ພາກຄ່ຳຄ່ຳ', '2021-2022', NULL, '17:15:00', 1, 0, '2022-06-08'),
(1350, 'FCS-AM-1344-19', 'ລາພອນ ', 'ກົງສຸລິນ', 'Wednesday', 'software programming with java2', '309', 'HCS6F', 'ພາກຄ່ຳ', '2021-2022', NULL, '17:15:00', 1, 0, '2022-06-08'),
(1351, 'FCS-AM-1426-19', 'ພອນປະເສີດ ', 'ຈັນມະວົງ', 'Wednesday', 'software programming with java2', '309', 'HCS6F', 'ພາກຄ່ຳ', '2021-2022', NULL, '17:15:00', 1, 0, '2022-06-08'),
(1352, 'FCS-AM-1331-19', 'ອານຸສິດ   ', 'ວົງປະເສີດ', 'Wednesday', 'software programming with java2', '309', 'HCS6F', 'ພາກຄ່ຳ', '2021-2022', NULL, '17:15:00', 1, 0, '2022-06-15'),
(1353, 'FCS-AM-1340-19', 'ສົມບັດ ', 'ລາວລີ', 'Wednesday', 'software programming with java2', '309', 'HCS6F', 'ພາກຄ່ຳ', '2021-2022', NULL, '17:15:00', 1, 0, '2022-06-15'),
(1354, 'FCS-AM-1341-19', 'ພິມຍາດາ ', 'ໂອມະນີ', 'Wednesday', 'software programming with java2', '309', 'HCS6F', 'ພາກຄ່ຳຄ່ຳ', '2021-2022', NULL, '17:15:00', 1, 0, '2022-06-15'),
(1355, 'FCS-AM-1344-19', 'ລາພອນ ', 'ກົງສຸລິນ', 'Wednesday', 'software programming with java2', '309', 'HCS6F', 'ພາກຄ່ຳ', '2021-2022', NULL, '17:15:00', 1, 0, '2022-06-15'),
(1356, 'FCS-AM-1426-19', 'ພອນປະເສີດ ', 'ຈັນມະວົງ', 'Wednesday', 'software programming with java2', '309', 'HCS6F', 'ພາກຄ່ຳ', '2021-2022', NULL, '17:15:00', 1, 0, '2022-06-15'),
(1357, 'FCS-AM-1331-19', 'ອານຸສິດ   ', 'ວົງປະເສີດ', 'Wednesday', 'software programming with java2', '309', 'HCS6F', 'ພາກຄ່ຳ', '2021-2022', NULL, '17:15:00', 1, 0, '2022-06-22'),
(1358, 'FCS-AM-1340-19', 'ສົມບັດ ', 'ລາວລີ', 'Wednesday', 'software programming with java2', '309', 'HCS6F', 'ພາກຄ່ຳ', '2021-2022', NULL, '17:15:00', 1, 0, '2022-06-22'),
(1359, 'FCS-AM-1341-19', 'ພິມຍາດາ ', 'ໂອມະນີ', 'Wednesday', 'software programming with java2', '309', 'HCS6F', 'ພາກຄ່ຳຄ່ຳ', '2021-2022', NULL, '17:15:00', 1, 0, '2022-06-22'),
(1360, 'FCS-AM-1344-19', 'ລາພອນ ', 'ກົງສຸລິນ', 'Wednesday', 'software programming with java2', '309', 'HCS6F', 'ພາກຄ່ຳ', '2021-2022', NULL, '17:15:00', 1, 0, '2022-06-22'),
(1361, 'FCS-AM-1426-19', 'ພອນປະເສີດ ', 'ຈັນມະວົງ', 'Wednesday', 'software programming with java2', '309', 'HCS6F', 'ພາກຄ່ຳ', '2021-2022', NULL, '17:15:00', 1, 0, '2022-06-22'),
(1362, 'FCS-AM-1331-19', 'ອານຸສິດ   ', 'ວົງປະເສີດ', 'Wednesday', 'software programming with java2', '309', 'HCS6F', 'ພາກຄ່ຳ', '2021-2022', '17:10:00', '20:00:00', 0, 0, '2022-06-29'),
(1363, 'FCS-AM-1340-19', 'ສົມບັດ ', 'ລາວລີ', 'Wednesday', 'software programming with java2', '309', 'HCS6F', 'ພາກຄ່ຳ', '2021-2022', '17:10:00', '20:00:00', 0, 0, '2022-06-29'),
(1364, 'FCS-AM-1341-19', 'ພິມຍາດາ ', 'ໂອມະນີ', 'Wednesday', 'software programming with java2', '309', 'HCS6F', 'ພາກຄ່ຳຄ່ຳ', '2021-2022', '17:10:00', '20:00:00', 0, 0, '2022-06-29'),
(1365, 'FCS-AM-1344-19', 'ລາພອນ ', 'ກົງສຸລິນ', 'Wednesday', 'software programming with java2', '309', 'HCS6F', 'ພາກຄ່ຳ', '2021-2022', '17:10:00', '20:00:00', 0, 0, '2022-06-29'),
(1366, 'FCS-AM-1426-19', 'ພອນປະເສີດ ', 'ຈັນມະວົງ', 'Wednesday', 'software programming with java2', '309', 'HCS6F', 'ພາກຄ່ຳ', '2021-2022', '17:10:00', '20:00:00', 0, 0, '2022-06-29'),
(1367, 'FCS-AM-1331-19', 'ອານຸສິດ   ', 'ວົງປະເສີດ', 'Thursday', 'wireless communication system', '401', 'HCS6F', 'ພາກຄ່ຳ', '2021-2022', NULL, NULL, 1, 1, '2022-05-05'),
(1368, 'FCS-AM-1340-19', 'ສົມບັດ ', 'ລາວລີ', 'Thursday', 'wireless communication system', '401', 'HCS6F', 'ພາກຄ່ຳ', '2021-2022', NULL, NULL, 1, 1, '2022-05-05'),
(1369, 'FCS-AM-1341-19', 'ພິມຍາດາ ', 'ໂອມະນີ', 'Thursday', 'wireless communication system', '401', 'HCS6F', 'ພາກຄ່ຳຄ່ຳ', '2021-2022', NULL, NULL, 1, 1, '2022-05-05'),
(1370, 'FCS-AM-1344-19', 'ລາພອນ ', 'ກົງສຸລິນ', 'Thursday', 'wireless communication system', '401', 'HCS6F', 'ພາກຄ່ຳ', '2021-2022', NULL, NULL, 1, 1, '2022-05-05'),
(1371, 'FCS-AM-1426-19', 'ພອນປະເສີດ ', 'ຈັນມະວົງ', 'Thursday', 'wireless communication system', '401', 'HCS6F', 'ພາກຄ່ຳ', '2021-2022', NULL, NULL, 1, 1, '2022-05-05'),
(1372, 'FCS-AM-1331-19', 'ອານຸສິດ   ', 'ວົງປະເສີດ', 'Thursday', 'wireless communication system', '401', 'HCS6F', 'ພາກຄ່ຳ', '2021-2022', NULL, NULL, 1, 1, '2022-05-12'),
(1373, 'FCS-AM-1340-19', 'ສົມບັດ ', 'ລາວລີ', 'Thursday', 'wireless communication system', '401', 'HCS6F', 'ພາກຄ່ຳ', '2021-2022', NULL, NULL, 1, 1, '2022-05-12'),
(1374, 'FCS-AM-1341-19', 'ພິມຍາດາ ', 'ໂອມະນີ', 'Thursday', 'wireless communication system', '401', 'HCS6F', 'ພາກຄ່ຳຄ່ຳ', '2021-2022', NULL, NULL, 1, 1, '2022-05-12'),
(1375, 'FCS-AM-1344-19', 'ລາພອນ ', 'ກົງສຸລິນ', 'Thursday', 'wireless communication system', '401', 'HCS6F', 'ພາກຄ່ຳ', '2021-2022', NULL, NULL, 1, 1, '2022-05-12'),
(1376, 'FCS-AM-1426-19', 'ພອນປະເສີດ ', 'ຈັນມະວົງ', 'Thursday', 'wireless communication system', '401', 'HCS6F', 'ພາກຄ່ຳ', '2021-2022', NULL, NULL, 1, 1, '2022-05-12'),
(1377, 'FCS-AM-1331-19', 'ອານຸສິດ   ', 'ວົງປະເສີດ', 'Thursday', 'wireless communication system', '401', 'HCS6F', 'ພາກຄ່ຳ', '2021-2022', NULL, '17:15:00', 1, 0, '2022-05-19'),
(1378, 'FCS-AM-1340-19', 'ສົມບັດ ', 'ລາວລີ', 'Thursday', 'wireless communication system', '401', 'HCS6F', 'ພາກຄ່ຳ', '2021-2022', NULL, '17:15:00', 1, 0, '2022-05-19'),
(1379, 'FCS-AM-1341-19', 'ພິມຍາດາ ', 'ໂອມະນີ', 'Thursday', 'wireless communication system', '401', 'HCS6F', 'ພາກຄ່ຳຄ່ຳ', '2021-2022', NULL, '17:15:00', 1, 0, '2022-05-19'),
(1380, 'FCS-AM-1344-19', 'ລາພອນ ', 'ກົງສຸລິນ', 'Thursday', 'wireless communication system', '401', 'HCS6F', 'ພາກຄ່ຳ', '2021-2022', NULL, '17:15:00', 1, 0, '2022-05-19'),
(1381, 'FCS-AM-1426-19', 'ພອນປະເສີດ ', 'ຈັນມະວົງ', 'Thursday', 'wireless communication system', '401', 'HCS6F', 'ພາກຄ່ຳ', '2021-2022', NULL, '17:15:00', 1, 0, '2022-05-19'),
(1382, 'FCS-AM-1331-19', 'ອານຸສິດ   ', 'ວົງປະເສີດ', 'Thursday', 'wireless communication system', '401', 'HCS6F', 'ພາກຄ່ຳ', '2021-2022', '17:10:00', NULL, 0, 1, '2022-05-26'),
(1383, 'FCS-AM-1340-19', 'ສົມບັດ ', 'ລາວລີ', 'Thursday', 'wireless communication system', '401', 'HCS6F', 'ພາກຄ່ຳ', '2021-2022', '17:10:00', NULL, 0, 1, '2022-05-26'),
(1384, 'FCS-AM-1341-19', 'ພິມຍາດາ ', 'ໂອມະນີ', 'Thursday', 'wireless communication system', '401', 'HCS6F', 'ພາກຄ່ຳຄ່ຳ', '2021-2022', '17:10:00', NULL, 0, 1, '2022-05-26'),
(1385, 'FCS-AM-1344-19', 'ລາພອນ ', 'ກົງສຸລິນ', 'Thursday', 'wireless communication system', '401', 'HCS6F', 'ພາກຄ່ຳ', '2021-2022', '17:10:00', NULL, 0, 1, '2022-05-26'),
(1386, 'FCS-AM-1426-19', 'ພອນປະເສີດ ', 'ຈັນມະວົງ', 'Thursday', 'wireless communication system', '401', 'HCS6F', 'ພາກຄ່ຳ', '2021-2022', '17:10:00', NULL, 0, 1, '2022-05-26'),
(1387, 'FCS-AM-1331-19', 'ອານຸສິດ   ', 'ວົງປະເສີດ', 'Thursday', 'wireless communication system', '401', 'HCS6F', 'ພາກຄ່ຳ', '2021-2022', '17:10:00', '20:00:00', 0, 0, '2022-06-02'),
(1388, 'FCS-AM-1340-19', 'ສົມບັດ ', 'ລາວລີ', 'Thursday', 'wireless communication system', '401', 'HCS6F', 'ພາກຄ່ຳ', '2021-2022', '17:10:00', '20:00:00', 0, 0, '2022-06-02'),
(1389, 'FCS-AM-1341-19', 'ພິມຍາດາ ', 'ໂອມະນີ', 'Thursday', 'wireless communication system', '401', 'HCS6F', 'ພາກຄ່ຳຄ່ຳ', '2021-2022', '17:10:00', '20:00:00', 0, 0, '2022-06-02'),
(1390, 'FCS-AM-1344-19', 'ລາພອນ ', 'ກົງສຸລິນ', 'Thursday', 'wireless communication system', '401', 'HCS6F', 'ພາກຄ່ຳ', '2021-2022', '17:10:00', '20:00:00', 0, 0, '2022-06-02'),
(1391, 'FCS-AM-1426-19', 'ພອນປະເສີດ ', 'ຈັນມະວົງ', 'Thursday', 'wireless communication system', '401', 'HCS6F', 'ພາກຄ່ຳ', '2021-2022', '17:10:00', '20:00:00', 0, 0, '2022-06-02'),
(1392, 'FCS-AM-1331-19', 'ອານຸສິດ   ', 'ວົງປະເສີດ', 'Thursday', 'wireless communication system', '401', 'HCS6F', 'ພາກຄ່ຳ', '2021-2022', '17:10:00', '20:00:00', 0, 0, '2022-06-09'),
(1393, 'FCS-AM-1340-19', 'ສົມບັດ ', 'ລາວລີ', 'Thursday', 'wireless communication system', '401', 'HCS6F', 'ພາກຄ່ຳ', '2021-2022', '17:10:00', '20:00:00', 0, 0, '2022-06-09'),
(1394, 'FCS-AM-1341-19', 'ພິມຍາດາ ', 'ໂອມະນີ', 'Thursday', 'wireless communication system', '401', 'HCS6F', 'ພາກຄ່ຳຄ່ຳ', '2021-2022', '17:10:00', '20:00:00', 0, 0, '2022-06-09'),
(1395, 'FCS-AM-1344-19', 'ລາພອນ ', 'ກົງສຸລິນ', 'Thursday', 'wireless communication system', '401', 'HCS6F', 'ພາກຄ່ຳ', '2021-2022', '17:10:00', '20:00:00', 0, 0, '2022-06-09'),
(1396, 'FCS-AM-1426-19', 'ພອນປະເສີດ ', 'ຈັນມະວົງ', 'Thursday', 'wireless communication system', '401', 'HCS6F', 'ພາກຄ່ຳ', '2021-2022', '17:10:00', '20:00:00', 0, 0, '2022-06-09'),
(1397, 'FCS-AM-1331-19', 'ອານຸສິດ   ', 'ວົງປະເສີດ', 'Thursday', 'wireless communication system', '401', 'HCS6F', 'ພາກຄ່ຳ', '2021-2022', '17:10:00', NULL, 0, 1, '2022-06-16'),
(1398, 'FCS-AM-1340-19', 'ສົມບັດ ', 'ລາວລີ', 'Thursday', 'wireless communication system', '401', 'HCS6F', 'ພາກຄ່ຳ', '2021-2022', '17:10:00', NULL, 0, 1, '2022-06-16'),
(1399, 'FCS-AM-1341-19', 'ພິມຍາດາ ', 'ໂອມະນີ', 'Thursday', 'wireless communication system', '401', 'HCS6F', 'ພາກຄ່ຳຄ່ຳ', '2021-2022', '17:10:00', NULL, 0, 1, '2022-06-16'),
(1400, 'FCS-AM-1344-19', 'ລາພອນ ', 'ກົງສຸລິນ', 'Thursday', 'wireless communication system', '401', 'HCS6F', 'ພາກຄ່ຳ', '2021-2022', '17:10:00', NULL, 0, 1, '2022-06-16'),
(1401, 'FCS-AM-1426-19', 'ພອນປະເສີດ ', 'ຈັນມະວົງ', 'Thursday', 'wireless communication system', '401', 'HCS6F', 'ພາກຄ່ຳ', '2021-2022', '17:10:00', NULL, 0, 1, '2022-06-16'),
(1402, 'FCS-AM-1331-19', 'ອານຸສິດ   ', 'ວົງປະເສີດ', 'Thursday', 'wireless communication system', '401', 'HCS6F', 'ພາກຄ່ຳ', '2021-2022', NULL, '17:15:00', 1, 0, '2022-06-23'),
(1403, 'FCS-AM-1340-19', 'ສົມບັດ ', 'ລາວລີ', 'Thursday', 'wireless communication system', '401', 'HCS6F', 'ພາກຄ່ຳ', '2021-2022', NULL, '17:15:00', 1, 0, '2022-06-23'),
(1404, 'FCS-AM-1341-19', 'ພິມຍາດາ ', 'ໂອມະນີ', 'Thursday', 'wireless communication system', '401', 'HCS6F', 'ພາກຄ່ຳຄ່ຳ', '2021-2022', NULL, '17:15:00', 1, 0, '2022-06-23'),
(1405, 'FCS-AM-1344-19', 'ລາພອນ ', 'ກົງສຸລິນ', 'Thursday', 'wireless communication system', '401', 'HCS6F', 'ພາກຄ່ຳ', '2021-2022', NULL, '17:15:00', 1, 0, '2022-06-23'),
(1406, 'FCS-AM-1426-19', 'ພອນປະເສີດ ', 'ຈັນມະວົງ', 'Thursday', 'wireless communication system', '401', 'HCS6F', 'ພາກຄ່ຳ', '2021-2022', NULL, '17:15:00', 1, 0, '2022-06-23'),
(1407, 'FCS-AM-1331-19', 'ອານຸສິດ   ', 'ວົງປະເສີດ', 'Thursday', 'wireless communication system', '401', 'HCS6F', 'ພາກຄ່ຳ', '2021-2022', NULL, '17:15:00', 1, 0, '2022-06-30'),
(1408, 'FCS-AM-1340-19', 'ສົມບັດ ', 'ລາວລີ', 'Thursday', 'wireless communication system', '401', 'HCS6F', 'ພາກຄ່ຳ', '2021-2022', NULL, '17:15:00', 1, 0, '2022-06-30'),
(1409, 'FCS-AM-1341-19', 'ພິມຍາດາ ', 'ໂອມະນີ', 'Thursday', 'wireless communication system', '401', 'HCS6F', 'ພາກຄ່ຳຄ່ຳ', '2021-2022', NULL, '17:15:00', 1, 0, '2022-06-30'),
(1410, 'FCS-AM-1344-19', 'ລາພອນ ', 'ກົງສຸລິນ', 'Thursday', 'wireless communication system', '401', 'HCS6F', 'ພາກຄ່ຳ', '2021-2022', NULL, '17:15:00', 1, 0, '2022-06-30'),
(1411, 'FCS-AM-1426-19', 'ພອນປະເສີດ ', 'ຈັນມະວົງ', 'Thursday', 'wireless communication system', '401', 'HCS6F', 'ພາກຄ່ຳ', '2021-2022', NULL, '17:15:00', 1, 0, '2022-06-30'),
(1412, 'FCS-AM-1331-19', 'ອານຸສິດ   ', 'ວົງປະເສີດ', 'Friday', 'Digital Image processing', '307', 'HCS6F', 'ພາກຄ່ຳ', '2021-2022', '17:10:00', '20:00:00', 0, 0, '2022-05-06'),
(1413, 'FCS-AM-1340-19', 'ສົມບັດ ', 'ລາວລີ', 'Friday', 'Digital Image processing', '307', 'HCS6F', 'ພາກຄ່ຳ', '2021-2022', '17:10:00', '20:00:00', 0, 0, '2022-05-06'),
(1414, 'FCS-AM-1341-19', 'ພິມຍາດາ ', 'ໂອມະນີ', 'Friday', 'Digital Image processing', '307', 'HCS6F', 'ພາກຄ່ຳຄ່ຳ', '2021-2022', '17:10:00', '20:00:00', 0, 0, '2022-05-06'),
(1415, 'FCS-AM-1344-19', 'ລາພອນ ', 'ກົງສຸລິນ', 'Friday', 'Digital Image processing', '307', 'HCS6F', 'ພາກຄ່ຳ', '2021-2022', '17:10:00', '20:00:00', 0, 0, '2022-05-06'),
(1416, 'FCS-AM-1426-19', 'ພອນປະເສີດ ', 'ຈັນມະວົງ', 'Friday', 'Digital Image processing', '307', 'HCS6F', 'ພາກຄ່ຳ', '2021-2022', '17:10:00', '20:00:00', 0, 0, '2022-05-06');
INSERT INTO `tb_attandance` (`a_Id`, `st_Id`, `Name`, `Surname`, `d_Name`, `s_Name`, `r_Name`, `cl_Name`, `sc_Period`, `sc_Year`, `time_In`, `time_Out`, `first_Absence`, `second_Absence`, `date`) VALUES
(1417, 'FCS-AM-1331-19', 'ອານຸສິດ   ', 'ວົງປະເສີດ', 'Friday', 'Digital Image processing', '307', 'HCS6F', 'ພາກຄ່ຳ', '2021-2022', '17:10:00', '20:00:00', 0, 0, '2022-05-13'),
(1418, 'FCS-AM-1340-19', 'ສົມບັດ ', 'ລາວລີ', 'Friday', 'Digital Image processing', '307', 'HCS6F', 'ພາກຄ່ຳ', '2021-2022', '17:10:00', '20:00:00', 0, 0, '2022-05-13'),
(1419, 'FCS-AM-1341-19', 'ພິມຍາດາ ', 'ໂອມະນີ', 'Friday', 'Digital Image processing', '307', 'HCS6F', 'ພາກຄ່ຳຄ່ຳ', '2021-2022', '17:10:00', '20:00:00', 0, 0, '2022-05-13'),
(1420, 'FCS-AM-1344-19', 'ລາພອນ ', 'ກົງສຸລິນ', 'Friday', 'Digital Image processing', '307', 'HCS6F', 'ພາກຄ່ຳ', '2021-2022', '17:10:00', '20:00:00', 0, 0, '2022-05-13'),
(1421, 'FCS-AM-1426-19', 'ພອນປະເສີດ ', 'ຈັນມະວົງ', 'Friday', 'Digital Image processing', '307', 'HCS6F', 'ພາກຄ່ຳ', '2021-2022', '17:10:00', '20:00:00', 0, 0, '2022-05-13'),
(1422, 'FCS-AM-1331-19', 'ອານຸສິດ   ', 'ວົງປະເສີດ', 'Friday', 'Digital Image processing', '307', 'HCS6F', 'ພາກຄ່ຳ', '2021-2022', '17:10:00', '20:00:00', 0, 0, '2022-05-20'),
(1423, 'FCS-AM-1340-19', 'ສົມບັດ ', 'ລາວລີ', 'Friday', 'Digital Image processing', '307', 'HCS6F', 'ພາກຄ່ຳ', '2021-2022', '17:10:00', '20:00:00', 0, 0, '2022-05-20'),
(1424, 'FCS-AM-1341-19', 'ພິມຍາດາ ', 'ໂອມະນີ', 'Friday', 'Digital Image processing', '307', 'HCS6F', 'ພາກຄ່ຳຄ່ຳ', '2021-2022', '17:10:00', '20:00:00', 0, 0, '2022-05-20'),
(1425, 'FCS-AM-1344-19', 'ລາພອນ ', 'ກົງສຸລິນ', 'Friday', 'Digital Image processing', '307', 'HCS6F', 'ພາກຄ່ຳ', '2021-2022', '17:10:00', '20:00:00', 0, 0, '2022-05-20'),
(1426, 'FCS-AM-1426-19', 'ພອນປະເສີດ ', 'ຈັນມະວົງ', 'Friday', 'Digital Image processing', '307', 'HCS6F', 'ພາກຄ່ຳ', '2021-2022', '17:10:00', '20:00:00', 0, 0, '2022-05-20'),
(1427, 'FCS-AM-1331-19', 'ອານຸສິດ   ', 'ວົງປະເສີດ', 'Friday', 'Digital Image processing', '307', 'HCS6F', 'ພາກຄ່ຳ', '2021-2022', NULL, NULL, 1, 1, '2022-05-27'),
(1428, 'FCS-AM-1340-19', 'ສົມບັດ ', 'ລາວລີ', 'Friday', 'Digital Image processing', '307', 'HCS6F', 'ພາກຄ່ຳ', '2021-2022', NULL, NULL, 1, 1, '2022-05-27'),
(1429, 'FCS-AM-1341-19', 'ພິມຍາດາ ', 'ໂອມະນີ', 'Friday', 'Digital Image processing', '307', 'HCS6F', 'ພາກຄ່ຳຄ່ຳ', '2021-2022', NULL, NULL, 1, 1, '2022-05-27'),
(1430, 'FCS-AM-1344-19', 'ລາພອນ ', 'ກົງສຸລິນ', 'Friday', 'Digital Image processing', '307', 'HCS6F', 'ພາກຄ່ຳ', '2021-2022', NULL, NULL, 1, 1, '2022-05-27'),
(1431, 'FCS-AM-1426-19', 'ພອນປະເສີດ ', 'ຈັນມະວົງ', 'Friday', 'Digital Image processing', '307', 'HCS6F', 'ພາກຄ່ຳ', '2021-2022', NULL, NULL, 1, 1, '2022-05-27'),
(1432, 'FCS-AM-1331-19', 'ອານຸສິດ   ', 'ວົງປະເສີດ', 'Friday', 'Digital Image processing', '307', 'HCS6F', 'ພາກຄ່ຳ', '2021-2022', NULL, NULL, 1, 1, '2022-06-03'),
(1433, 'FCS-AM-1340-19', 'ສົມບັດ ', 'ລາວລີ', 'Friday', 'Digital Image processing', '307', 'HCS6F', 'ພາກຄ່ຳ', '2021-2022', NULL, NULL, 1, 1, '2022-06-03'),
(1434, 'FCS-AM-1341-19', 'ພິມຍາດາ ', 'ໂອມະນີ', 'Friday', 'Digital Image processing', '307', 'HCS6F', 'ພາກຄ່ຳຄ່ຳ', '2021-2022', NULL, NULL, 1, 1, '2022-06-03'),
(1435, 'FCS-AM-1344-19', 'ລາພອນ ', 'ກົງສຸລິນ', 'Friday', 'Digital Image processing', '307', 'HCS6F', 'ພາກຄ່ຳ', '2021-2022', NULL, NULL, 1, 1, '2022-06-03'),
(1436, 'FCS-AM-1426-19', 'ພອນປະເສີດ ', 'ຈັນມະວົງ', 'Friday', 'Digital Image processing', '307', 'HCS6F', 'ພາກຄ່ຳ', '2021-2022', NULL, NULL, 1, 1, '2022-06-03'),
(1437, 'FCS-AM-1331-19', 'ອານຸສິດ   ', 'ວົງປະເສີດ', 'Friday', 'Digital Image processing', '307', 'HCS6F', 'ພາກຄ່ຳ', '2021-2022', '17:10:00', '20:00:00', 0, 0, '2022-06-10'),
(1438, 'FCS-AM-1340-19', 'ສົມບັດ ', 'ລາວລີ', 'Friday', 'Digital Image processing', '307', 'HCS6F', 'ພາກຄ່ຳ', '2021-2022', '17:10:00', '20:00:00', 0, 0, '2022-06-10'),
(1439, 'FCS-AM-1341-19', 'ພິມຍາດາ ', 'ໂອມະນີ', 'Friday', 'Digital Image processing', '307', 'HCS6F', 'ພາກຄ່ຳຄ່ຳ', '2021-2022', '17:10:00', '20:00:00', 0, 0, '2022-06-10'),
(1440, 'FCS-AM-1344-19', 'ລາພອນ ', 'ກົງສຸລິນ', 'Friday', 'Digital Image processing', '307', 'HCS6F', 'ພາກຄ່ຳ', '2021-2022', '17:10:00', '20:00:00', 0, 0, '2022-06-10'),
(1441, 'FCS-AM-1426-19', 'ພອນປະເສີດ ', 'ຈັນມະວົງ', 'Friday', 'Digital Image processing', '307', 'HCS6F', 'ພາກຄ່ຳ', '2021-2022', '17:10:00', '20:00:00', 0, 0, '2022-06-10'),
(1442, 'FCS-AM-1331-19', 'ອານຸສິດ   ', 'ວົງປະເສີດ', 'Friday', 'Digital Image processing', '307', 'HCS6F', 'ພາກຄ່ຳ', '2021-2022', '17:10:00', '20:00:00', 0, 0, '2022-06-17'),
(1443, 'FCS-AM-1340-19', 'ສົມບັດ ', 'ລາວລີ', 'Friday', 'Digital Image processing', '307', 'HCS6F', 'ພາກຄ່ຳ', '2021-2022', '17:10:00', '20:00:00', 0, 0, '2022-06-17'),
(1444, 'FCS-AM-1341-19', 'ພິມຍາດາ ', 'ໂອມະນີ', 'Friday', 'Digital Image processing', '307', 'HCS6F', 'ພາກຄ່ຳຄ່ຳ', '2021-2022', '17:10:00', '20:00:00', 0, 0, '2022-06-17'),
(1445, 'FCS-AM-1344-19', 'ລາພອນ ', 'ກົງສຸລິນ', 'Friday', 'Digital Image processing', '307', 'HCS6F', 'ພາກຄ່ຳ', '2021-2022', '17:10:00', '20:00:00', 0, 0, '2022-06-17'),
(1446, 'FCS-AM-1426-19', 'ພອນປະເສີດ ', 'ຈັນມະວົງ', 'Friday', 'Digital Image processing', '307', 'HCS6F', 'ພາກຄ່ຳ', '2021-2022', '17:10:00', '20:00:00', 0, 0, '2022-06-17'),
(1447, 'FCS-AM-1331-19', 'ອານຸສິດ   ', 'ວົງປະເສີດ', 'Friday', 'Digital Image processing', '307', 'HCS6F', 'ພາກຄ່ຳ', '2021-2022', NULL, '17:15:00', 1, 0, '2022-06-24'),
(1448, 'FCS-AM-1340-19', 'ສົມບັດ ', 'ລາວລີ', 'Friday', 'Digital Image processing', '307', 'HCS6F', 'ພາກຄ່ຳ', '2021-2022', NULL, '17:15:00', 1, 0, '2022-06-24'),
(1449, 'FCS-AM-1341-19', 'ພິມຍາດາ ', 'ໂອມະນີ', 'Friday', 'Digital Image processing', '307', 'HCS6F', 'ພາກຄ່ຳຄ່ຳ', '2021-2022', NULL, '17:15:00', 1, 0, '2022-06-24'),
(1450, 'FCS-AM-1344-19', 'ລາພອນ ', 'ກົງສຸລິນ', 'Friday', 'Digital Image processing', '307', 'HCS6F', 'ພາກຄ່ຳ', '2021-2022', NULL, '17:15:00', 1, 0, '2022-06-24'),
(1451, 'FCS-AM-1426-19', 'ພອນປະເສີດ ', 'ຈັນມະວົງ', 'Friday', 'Digital Image processing', '307', 'HCS6F', 'ພາກຄ່ຳ', '2021-2022', NULL, '17:15:00', 1, 0, '2022-06-24');

-- --------------------------------------------------------

--
-- Table structure for table `tb_class`
--

CREATE TABLE `tb_class` (
  `cl_Id` varchar(25) NOT NULL,
  `cl_Name` varchar(30) NOT NULL,
  `cl_Status` varchar(20) NOT NULL
) ENGINE=InnoDB DEFAULT CHARSET=utf8;

--
-- Dumping data for table `tb_class`
--

INSERT INTO `tb_class` (`cl_Id`, `cl_Name`, `cl_Status`) VALUES
('0', 'DUMMY', 'Inactive'),
('HCS6A', 'HCS6A', 'Active'),
('HCS6B', 'HCS6B', 'Active'),
('HCS6C', 'HCS6C', 'Active'),
('HCS6D', 'HCS6D', 'Active'),
('HCS6E', 'HCS6E', 'Active'),
('HCS6F', 'HCS6F', 'Active');

-- --------------------------------------------------------

--
-- Table structure for table `tb_face`
--

CREATE TABLE `tb_face` (
  `f_Id` int(11) NOT NULL,
  `Name` varchar(30) NOT NULL,
  `Surname` varchar(30) NOT NULL,
  `st_Id` varchar(25) DEFAULT NULL,
  `t_Id` varchar(10) DEFAULT NULL
) ENGINE=InnoDB DEFAULT CHARSET=utf8;

--
-- Dumping data for table `tb_face`
--

INSERT INTO `tb_face` (`f_Id`, `Name`, `Surname`, `st_Id`, `t_Id`) VALUES
(1, 'Souliya', 'Thammavong', '0', '0');

-- --------------------------------------------------------

--
-- Table structure for table `tb_room`
--

CREATE TABLE `tb_room` (
  `r_Id` varchar(25) NOT NULL,
  `r_Name` varchar(25) NOT NULL,
  `r_Status` varchar(20) NOT NULL
) ENGINE=InnoDB DEFAULT CHARSET=utf8;

--
-- Dumping data for table `tb_room`
--

INSERT INTO `tb_room` (`r_Id`, `r_Name`, `r_Status`) VALUES
('305', '305', 'Active'),
('307', '307', 'Active'),
('308', '308', 'Active'),
('309', '309', 'Active'),
('401', '401', 'Active'),
('406', '406', 'Active'),
('502', '502', 'Active'),
('503', '503', 'Active'),
('507', '507', 'Active');

-- --------------------------------------------------------

--
-- Table structure for table `tb_schedule`
--

CREATE TABLE `tb_schedule` (
  `sc_Id` int(11) NOT NULL,
  `d_Id` varchar(25) NOT NULL,
  `sc_Period` varchar(30) NOT NULL,
  `start_Class` time NOT NULL,
  `end_Class` time NOT NULL,
  `sc_Year` varchar(30) NOT NULL,
  `r_Id` varchar(25) NOT NULL,
  `cl_Id` varchar(25) NOT NULL,
  `s_Id` varchar(50) NOT NULL,
  `t_Id` varchar(10) NOT NULL,
  `sc_Status` varchar(20) NOT NULL
) ENGINE=InnoDB DEFAULT CHARSET=utf8;

--
-- Dumping data for table `tb_schedule`
--

INSERT INTO `tb_schedule` (`sc_Id`, `d_Id`, `sc_Period`, `start_Class`, `end_Class`, `sc_Year`, `r_Id`, `cl_Id`, `s_Id`, `t_Id`, `sc_Status`) VALUES
(0, 'Friday', 'ເຊົ້າ', '08:45:00', '12:00:00', '2021-2022', '309', '0', 'wireless communication system', '0', 'Inactive'),
(1, 'Monday', 'ພາກເຊົ້າ', '08:45:08', '12:00:00', '2021-2022', '307', 'HCS6A', 'Mobile Application Programming', 't001', 'Active'),
(2, 'Monday', 'ພາກເຊົ້າ', '08:45:00', '12:00:00', '2021-2022', '309', 'HCS6B', 'linux system administration', 't001', 'Active'),
(3, 'Monday', 'ພາກບ່າຍ', '13:45:00', '17:00:00', '2021-2022', '502', 'HCS6C', 'software programming with java2', 't001', 'Active'),
(4, 'Monday', 'ພາກບ່າຍ', '13:45:00', '17:00:00', '2021-2022', '401', 'HCS6D', 'Digital Image processing', 't001', 'Active'),
(5, 'Monday', 'ພາກຄ່ຳ', '17:15:00', '20:15:00', '2021-2022', '309', 'HCS6E', 'wireless communication system', 't001', 'Active'),
(6, 'Monday', 'ພາກຄ່ຳ', '17:15:00', '20:15:00', '2021-2022', '307', 'HCS6F', 'linux system administration', 't001', 'Active'),
(7, 'Tuesday', 'ພາກເຊົ້າ', '08:45:00', '12:00:00', '2021-2022', '307', 'HCS6A', 'software programming with java2', 't001', 'Active'),
(8, 'Tuesday', 'ພາກເຊົ້າ', '08:45:00', '12:00:00', '2021-2022', '309', 'HCS6A', 'linux system administration', 't001', 'Active'),
(9, 'Wednesday', 'ພາກເຊົ້າ', '08:45:00', '12:00:00', '2021-2022', '309', 'HCS6A', 'Digital Image processing', 't001', 'Active'),
(10, 'Thursday', 'ພາກເຊົ້າ', '08:45:00', '12:00:00', '2021-2022', '503', 'HCS6A', 'linux system administration', 't001', 'Active'),
(11, 'Saturday', 'ພາກເຊົ້າ', '08:45:00', '12:00:00', '2021-2022', '401', 'HCS6A', 'wireless communication system', 't001', 'Active'),
(12, 'Tuesday', 'ພາກເຊົ້າ', '08:45:00', '12:00:00', '2021-2022', '308', 'HCS6B', 'Digital Image processing', 't001', 'Active'),
(13, 'Wednesday', 'ພາກເຊົ້າ', '08:45:00', '12:00:00', '2021-2022', '503', 'HCS6B', 'wireless communication system', 't001', 'Active'),
(14, 'Thursday', 'ພາກເຊົ້າ', '08:45:00', '12:00:00', '2021-2022', '309', 'HCS6B', 'software programming with java2', 't001', 'Active'),
(15, 'Friday', 'ພາກເຊົ້າ', '08:45:00', '12:00:00', '2021-2022', '309', 'HCS6B', 'Mobile Application Programming', 't001', 'Active'),
(16, 'Tuesday', 'ພາກບ່າຍ', '13:45:00', '17:00:00', '2021-2022', '401', 'HCS6C', 'wireless communication system', 't001', 'Active'),
(17, 'Wednesday', 'ພາກບ່າຍ', '13:45:00', '17:00:00', '2021-2022', '307', 'HCS6C', 'Mobile Application Programming', 't001', 'Active'),
(18, 'Thursday', 'ພາກບ່າຍ', '13:45:00', '17:00:00', '2021-2022', '502', 'HCS6C', 'linux system administration', 't001', 'Active'),
(19, 'Friday', 'ພາກບ່າຍ', '13:45:00', '17:00:00', '2021-2022', '401', 'HCS6C', 'Digital Image processing', 't001', 'Active'),
(20, 'Tuesday', 'ພາກບ່າຍ', '13:45:00', '17:00:00', '2021-2022', '307', 'HCS6D', 'Mobile Application Programming', 't001', 'Active'),
(21, 'Wednesday', 'ພາກບ່າຍ', '13:45:00', '17:00:00', '2021-2022', '401', 'HCS6D', 'wireless communication system', 't001', 'Active'),
(22, 'Thursday', 'ພາກບ່າຍ', '13:45:00', '17:00:00', '2021-2022', '309', 'HCS6D', 'software programming with java2', 't001', 'Active'),
(23, 'Friday', 'ພາກບ່າຍ', '13:45:00', '17:00:00', '2021-2022', '307', 'HCS6D', 'linux system administration', 't001', 'Active'),
(24, 'Tuesday', 'ພາກຄ່ຳ', '17:15:00', '20:15:00', '2021-2022', '307', 'HCS6E', 'software programming with java2', 't001', 'Active'),
(26, 'Thursday', 'ພາກຄ່ຳ', '17:15:00', '20:15:00', '2021-2022', '309', 'HCS6E', 'Digital Image processing', 't001', 'Active'),
(27, 'Friday', 'ພາກຄ່ຳ', '17:15:00', '20:15:00', '2021-2022', '309', 'HCS6E', 'Mobile Application Programming', 't001', 'Active'),
(28, 'Tuesday', 'ພາກຄ່ຳ', '17:15:00', '20:15:00', '2021-2022', '307', 'HCS6F', 'linux system administration', 't001', 'Active'),
(29, 'Wednesday', 'ພາກຄ່ຳ', '17:15:00', '20:15:00', '2021-2022', '309', 'HCS6F', 'software programming with java2', 't001', 'Active'),
(30, 'Thursday', 'ພາກຄ່ຳ', '17:15:00', '20:15:00', '2021-2022', '401', 'HCS6F', 'wireless communication system', 't001', 'Active'),
(31, 'Friday', 'ພາກຄ່ຳ', '17:15:00', '20:15:00', '2021-2022', '307', 'HCS6F', 'Digital Image processing', 't001', 'Active'),
(32, 'Wednesday', 'ພາກຄ່ຳ', '17:15:00', '20:15:00', '2021-2022', '305', 'HCS6E', 'linux system administration', 't001', 'Active');

-- --------------------------------------------------------

--
-- Table structure for table `tb_student`
--

CREATE TABLE `tb_student` (
  `st_Id` varchar(25) NOT NULL,
  `st_Name` varchar(50) NOT NULL,
  `st_Surname` varchar(50) DEFAULT NULL,
  `st_Gender` varchar(10) DEFAULT NULL,
  `cl_Id` varchar(25) NOT NULL,
  `st_DOB` date DEFAULT NULL,
  `st_Tel` int(15) DEFAULT NULL,
  `st_village` varchar(100) DEFAULT NULL,
  `st_district` varchar(100) DEFAULT NULL,
  `st_province` varchar(100) DEFAULT NULL,
  `st_Status` varchar(20) NOT NULL
) ENGINE=InnoDB DEFAULT CHARSET=utf8;

--
-- Dumping data for table `tb_student`
--

INSERT INTO `tb_student` (`st_Id`, `st_Name`, `st_Surname`, `st_Gender`, `cl_Id`, `st_DOB`, `st_Tel`, `st_village`, `st_district`, `st_province`, `st_Status`) VALUES
('0', 'dummy', 'dummy', 'ຊາຍ', '0', '2001-04-28', 2012345678, 'dummy', 'dummy', 'dummy', 'Inactive'),
('FCS-AM-1329-19', 'ກອງມະນີ', 'ອຸດົມເພັດ', 'ຊາຍ', 'HCS6A', '1999-04-12', 2093393489, 'ຫ້ວຍເຕີຍ', 'ໄຊທານີ', 'ນະຄອນຫຼວງວຽງຈັນ', 'Active'),
('FCS-AM-1330-19', 'ຄຳຊອບ ', 'ໄຊຍະແສງ', 'ຊາຍ', 'HCS6D', '2001-01-05', 2056332009, 'ເວີນແຄນ', 'ສາມັກຄີໄຊ', 'ອຸ​ດົມ​ໄຊ', 'Active'),
('FCS-AM-1331-19', 'ອານຸສິດ ', 'ວົງປະເສີດ', 'ຊາຍ', 'HCS6F', '2000-11-22', 2099334414, 'ອານຸ', 'ຈັນທະບູລີ', 'ນະຄອນຫຼວງວຽງຈັນ', 'Active'),
('FCS-AM-1332-19', 'ສຸລິຍາ', 'ທຳມະວົງ', 'ຊາຍ', 'HCS6E', '2001-04-28', 2052013931, 'ຫ້ວຍ​ສະ​ເຫງົ້າ', '​ວັງ​ວຽງ', 'ວຽງຈັນ', 'Non-Active'),
('FCS-AM-1333-19', 'ທະນູໄຊ', 'ອິນທະວົງ', 'ຊາຍ', 'HCS6C', '2002-05-22', 2092504140, 'ໂນນສະອາດ', 'ໄຊທະນີ', 'ນະຄອນຫຼວງວຽງຈັນ', 'Active'),
('FCS-AM-1334-19', 'ຄຳມະນີ', 'ໄຊມູນວົງ', 'ຊາຍ', 'HCS6E', '2002-01-26', 2056284299, 'ທ່າສະຫວ່າງ', 'ໄຊທານີ', 'ນະຄອນຫຼວງວຽງຈັນ', 'Active'),
('FCS-AM-1339-19', 'ສາຍເງິນ ', 'ເລືອງລືໄຊ', 'ຊາຍ', 'HCS6A', '2001-10-13', 2093322107, 'ໜອງເເຕ່ງເໜືອ', 'ສີໂຄດຕະບອງ', 'ນະຄອນຫຼວງວຽງ​ຈັນ', 'Active'),
('FCS-AM-1340-19', 'ສົມບັດ', 'ລາວລີ', 'ຊາຍ', 'HCS6F', '2002-12-17', 2092164405, 'ໂພນໂຮມ', 'ບູນເໜືອ', 'ຜົ້ງສາລີ', 'Active'),
('FCS-AM-1341-19', 'ພິມຍາດາ ', 'ໂອມະນີ', 'ຍິງ', 'HCS6F', '2001-06-10', 2097710771, 'ໂນນຂິ້ເຫຼັກ', 'ສີໂຄດຕະບອງ', 'ນະຄອນຫຼວງວຽງຈັນ', 'Active'),
('FCS-AM-1343-19', 'ນ້ອຍ', 'ໄພ​ຍະ​ວົງ', 'ຊາຍ', 'HCS6D', '2000-05-15', 2091043919, 'ໂພນປ່າເປົ້າ', 'ສີສັດຕະນາກ', 'ນະຄອນຫຼວງວຽງຈັນ', 'Active'),
('FCS-AM-1344-19', 'ລາພອນ', 'ກົງສຸລິນ', 'ຍິງ', 'HCS6F', '2001-08-07', 2052381575, 'ຈອມເພັດ', 'ສີສັດຕະນາກ', 'ນະຄອນຫຼວງວຽງ​ຈັນ', 'Active'),
('FCS-AM-1345-19', '​ຕາ​ວັນ', '​ລາດ​ຊະ​ຈັນ', 'ຍິງ', 'HCS6B', '2001-08-04', 2099905328, '​ໂນນ​ແສງ​ຈັນ', 'ໄຊ​​ທາ​ນີ', 'ນະ​ຄອນຫຼວງວຽງ​ຈັນ', 'Active'),
('FCS-AM-1348-19', 'ພຣະ ພູວັນ', 'ສີຫາວົງ', 'ຊາຍ', 'HCS6A', '1999-02-11', 2098188845, 'ໂນນສະຫວ່າງ', 'ໄຊເສດຖາ', 'ນະຄອນຫຼວງວຽງຈັນ', 'Active'),
('FCS-AM-1349-19', 'ຂັນທະລີ', 'ທີບວີໄຊ', 'ຍິງ', 'HCS6E', '2001-03-16', 2054304660, 'ນໍ້າອຸ່ນ', 'ຮຸນ', 'ອຸດົມໄຊ', 'Active'),
('FCS-AM-1351-19', 'ອາທິດ', 'ວິໄລສັກ', 'ຊາຍ', 'HCS6C', '2000-11-11', 2096369976, 'ປາກແຄມ', 'ແກ່ນທ້າວ', 'ໄຊຍະບູລີ', 'Active'),
('FCS-AM-1353-19', 'ສຸພານິດ ', 'ວົງສະໄໝ', 'ຊາຍ', 'HCS6D', '2001-12-14', 2095612897, 'ໂນນສົມບູນ', 'ປາກງື່ມ', 'ນະຄອນຫຼວງວຽງ​ຈັນ', 'Active'),
('FCS-AM-1354-19', 'ວັນປະເສີດ ', 'ໄຊຍະທຳ', 'ຍິງ', 'HCS6B', '2002-03-15', 2028156659, 'ດອນຕິ້ວ', 'ໄຊທານີ', 'ນະຄອນຫຼວງວຽງ​ຈັນ', 'Active'),
('FCS-AM-1356-19', 'ຕຸກພະຄອນ', 'ທອງປັນຍາ', 'ຊາຍ', 'HCS6E', '2001-04-04', 2052745038, 'ຈອມທອງ', 'ຄຳ', 'ຊຽງຂວາງ', 'Active'),
('FCS-AM-1359-19', 'ພິ​ມົນ', 'ສຸດ​ທິ​ປະ​ພາ', 'ຍິງ', 'HCS6B', '2002-02-08', 2056626362, 'ໂພນ​ພະ​ເນົາ', 'ໄຊ​ເສດ​ຖາ', 'ນະ​ຄອນຫຼວງວຽງ​ຈັນ', 'Active'),
('FCS-AM-1407-19', 'ພັນ​ທະ​ວົງ', '​ສີ​ປ​ະເສີດ', 'ຊາຍ', 'HCS6E', '1998-02-16', 2055305319, 'ໂພນ​ໂຮງ', 'ໂພນ​ໂຮງ', 'ວຽງ​ຈັນ', 'Active'),
('FCS-AM-1419-19', 'ໄຊຍະລາດ ', 'ເຄນສຸລິນ', 'ຊາຍ', 'HCS6A', '2000-08-28', 2098483419, 'ໂພນປ່າເປົ້າ', 'ສີສັດຕະນາກ', 'ນະຄອນຫຼວງວຽງຈັນ', 'Active'),
('FCS-AM-1423-19', 'ຕ​ອັກ​ກີ່', 'ໄຊ​ຍະ​ກອນ', 'ຊາຍ', 'HCS6B', '2000-10-01', 2055058028, 'ໂພນຄຳ', 'ສີໂຄດຕະບອງ', 'ນະຄອນຫຼວງວຽງຈັນ', 'Active'),
('FCS-AM-1424-19', 'ຄອນປະສົງ ', 'ພະກອນຄຳ', 'ຊາຍ', 'HCS6D', '2000-07-26', 2098249404, 'ດົງໂດກ', 'ໄຊທານີ', 'ນະຄອນຫຼວງວຽງຈັນ', 'Active'),
('FCS-AM-1426-19', 'ພອນປະເສີດ', 'ຈັນມະວົງ', 'ຊາຍ', 'HCS6F', '2001-05-01', 2058973534, 'ດົງ​ໂດກ', 'ໄຊທານີ', 'ນະຄອນຫຼວງວຽງ​ຈັນ', 'Active'),
('FCS-AM-1427-19', 'ນີ່', 'ຫຼ້າທອງຈັນ', 'ຊາຍ', 'HCS6C', '2001-10-22', 2092577881, 'ທາດຫຼວງ', 'ໄຊເສດຖາ', 'ນະຄອນຫຼວງວຽງ​ຈັນ', 'Active');

-- --------------------------------------------------------

--
-- Table structure for table `tb_subject`
--

CREATE TABLE `tb_subject` (
  `s_Id` varchar(50) NOT NULL,
  `s_Name` varchar(50) NOT NULL,
  `s_Status` varchar(20) NOT NULL
) ENGINE=InnoDB DEFAULT CHARSET=utf8;

--
-- Dumping data for table `tb_subject`
--

INSERT INTO `tb_subject` (`s_Id`, `s_Name`, `s_Status`) VALUES
('Digital Image processing', 'Digital Image processing', 'Active'),
('linux system administration', 'linux system administration', 'Active'),
('Mobile Application Programming', 'Mobile Application Programming', 'Active'),
('software programming with java2', 'software programming with java2', 'Active'),
('wireless communication system', 'wireless communication system', 'Active');

-- --------------------------------------------------------

--
-- Table structure for table `tb_teacher`
--

CREATE TABLE `tb_teacher` (
  `t_Id` varchar(10) NOT NULL,
  `t_Name` varchar(50) NOT NULL,
  `t_Surname` varchar(50) NOT NULL,
  `t_Gender` varchar(10) NOT NULL,
  `t_Village` varchar(50) NOT NULL,
  `t_District` varchar(50) NOT NULL,
  `t_Province` varchar(50) NOT NULL,
  `t_Tel` int(15) NOT NULL,
  `t_Email` varchar(50) NOT NULL,
  `t_Degree` varchar(50) NOT NULL,
  `t_Status` varchar(20) NOT NULL
) ENGINE=InnoDB DEFAULT CHARSET=utf8;

--
-- Dumping data for table `tb_teacher`
--

INSERT INTO `tb_teacher` (`t_Id`, `t_Name`, `t_Surname`, `t_Gender`, `t_Village`, `t_District`, `t_Province`, `t_Tel`, `t_Email`, `t_Degree`, `t_Status`) VALUES
('0', '0', '0', '0', '0', '0', '0', 0, '0', '0', 'Inactive'),
('t001', 'ລັດ​ຕະ​ພົນ', '​ໄຊ​ຍະ​ວົງ', 'ຊາຍ', 'ໂພນ​ພະ​ເນົ​າ', '​ໄຊ​ເສດ​ຖາ', '​ນະ​ຄອນຫຼວງວຽງ​ຈັນ', 2055879461, 'lattaphon@gmail', 'ປະ​ລິນ​ຍາ​ໂທ', 'Active'),
('t002', 'ຄຳ​ກອນ', 'ແສງອ​າ​ໄພ', 'ຊາຍ', '​ດົງ​ໂດກ', '​ໄຊ​ທາ​ນີ', '​ນະ​ຄອນຫຼວງວຽງ​ຈັນ', 2022999778, 'khamkone6551982@gmail', 'ປ​ະ​ລິນ​ຍາ​ໂທ', 'Active');

--
-- Indexes for dumped tables
--

--
-- Indexes for table `tb_attandance`
--
ALTER TABLE `tb_attandance`
  ADD PRIMARY KEY (`a_Id`),
  ADD KEY `st_Id` (`st_Id`);

--
-- Indexes for table `tb_class`
--
ALTER TABLE `tb_class`
  ADD PRIMARY KEY (`cl_Id`);

--
-- Indexes for table `tb_face`
--
ALTER TABLE `tb_face`
  ADD PRIMARY KEY (`f_Id`),
  ADD KEY `st_Id` (`st_Id`),
  ADD KEY `t_Id` (`t_Id`);

--
-- Indexes for table `tb_room`
--
ALTER TABLE `tb_room`
  ADD PRIMARY KEY (`r_Id`);

--
-- Indexes for table `tb_schedule`
--
ALTER TABLE `tb_schedule`
  ADD PRIMARY KEY (`sc_Id`),
  ADD KEY `d_Id` (`d_Id`),
  ADD KEY `r_Id` (`r_Id`),
  ADD KEY `s_Id` (`s_Id`),
  ADD KEY `t_Id` (`t_Id`),
  ADD KEY `cl_Id` (`cl_Id`);

--
-- Indexes for table `tb_student`
--
ALTER TABLE `tb_student`
  ADD PRIMARY KEY (`st_Id`),
  ADD KEY `cl_Id` (`cl_Id`) USING BTREE;

--
-- Indexes for table `tb_subject`
--
ALTER TABLE `tb_subject`
  ADD PRIMARY KEY (`s_Id`);

--
-- Indexes for table `tb_teacher`
--
ALTER TABLE `tb_teacher`
  ADD PRIMARY KEY (`t_Id`);

--
-- AUTO_INCREMENT for dumped tables
--

--
-- AUTO_INCREMENT for table `tb_attandance`
--
ALTER TABLE `tb_attandance`
  MODIFY `a_Id` int(10) NOT NULL AUTO_INCREMENT, AUTO_INCREMENT=1452;
--
-- Constraints for dumped tables
--

--
-- Constraints for table `tb_attandance`
--
ALTER TABLE `tb_attandance`
  ADD CONSTRAINT `fk_stu` FOREIGN KEY (`st_Id`) REFERENCES `tb_student` (`st_Id`);

--
-- Constraints for table `tb_face`
--
ALTER TABLE `tb_face`
  ADD CONSTRAINT `st_Id` FOREIGN KEY (`st_Id`) REFERENCES `tb_student` (`st_Id`),
  ADD CONSTRAINT `t_Id` FOREIGN KEY (`t_Id`) REFERENCES `tb_teacher` (`t_Id`);

--
-- Constraints for table `tb_schedule`
--
ALTER TABLE `tb_schedule`
  ADD CONSTRAINT `fk_class` FOREIGN KEY (`cl_Id`) REFERENCES `tb_class` (`cl_Id`),
  ADD CONSTRAINT `fk_day` FOREIGN KEY (`d_Id`) REFERENCES `tb_day` (`d_Id`),
  ADD CONSTRAINT `fk_room` FOREIGN KEY (`r_Id`) REFERENCES `tb_room` (`r_Id`),
  ADD CONSTRAINT `fk_subject` FOREIGN KEY (`s_Id`) REFERENCES `tb_subject` (`s_Id`),
  ADD CONSTRAINT `fk_teacher` FOREIGN KEY (`t_Id`) REFERENCES `tb_teacher` (`t_Id`);

--
-- Constraints for table `tb_student`
--
ALTER TABLE `tb_student`
  ADD CONSTRAINT `cl_Id` FOREIGN KEY (`cl_Id`) REFERENCES `tb_class` (`cl_Id`);

/*!40101 SET CHARACTER_SET_CLIENT=@OLD_CHARACTER_SET_CLIENT */;
/*!40101 SET CHARACTER_SET_RESULTS=@OLD_CHARACTER_SET_RESULTS */;
/*!40101 SET COLLATION_CONNECTION=@OLD_COLLATION_CONNECTION */;
